{
"type": "FeatureCollection",
"name": "cuadrantes_todos_pcsp",
"crs": { "type": "name", "properties": { "name": "urn:ogc:def:crs:OGC:1.3:CRS84" } },
"features": [
{ "type": "Feature", "properties": { "CUA_CODIGO": "39582232", "CUA_SUP": 5.8, "COMUNA": "MAIPU", "UNIDAD": "52A. COM. RINCONADA DE MAIPU", "DESTACAMEN": "SCOM. MAIPU ORIENTE 52A.COM.", "PREFECTURA": "PREF. STGO. RINCONADA", "ZONA": "METROPOLITANA", "NUM_CUAD": "223B", "CUA_DESCRI": "Cuadrante 223B", "CUA_TIPO": "Urbano", "CUA_ESTADO": "1", "CUA_FTERMI": null, "UNI_CODIGO": "811110520000", "CUA_ANO": "2014", "COD_AUPOL": "3226", "COM_CODIGO": "13119", "SHAPE_LENG": 10.265096159960001, "SHAPE_AREA": 5.8025556168000003, "COD_DESTAC": "811110521000", "TOOLTIP": "Cuadrante 223B&&SCOM. MAIPU ORIENTE 52A.COM.", "COD": "CONPCSP", "SUP_KM2": 0.0, "cuadrante": "223B", "equipo_asignado": "Sin refuerzo", "ranking_pcsp": 16, "Total_PCSP": 10, "Total_Meta_PCSP": 2, "Total_Complementario_PCSP": 8, "Puntaje_PCSP_Ponderado": 36 }, "geometry": { "type": "Polygon", "coordinates": [ [ [ -70.759678464821661, -33.56229934462516 ], [ -70.760155325519179, -33.56211813899165 ], [ -70.760401595384224, -33.562024557470636 ], [ -70.761736303554244, -33.561537380395862 ], [ -70.762278535076859, -33.561342296771848 ], [ -70.762764361050642, -33.561168569526558 ], [ -70.763159873974814, -33.561027137461274 ], [ -70.76343998136133, -33.56093265547532 ], [ -70.763600658066423, -33.560909844416415 ], [ -70.763935876019389, -33.560922179991628 ], [ -70.764094014397074, -33.560947319122128 ], [ -70.76420661670852, -33.560960382138603 ], [ -70.764369644523072, -33.560980230049097 ], [ -70.764477635692685, -33.560986581785237 ], [ -70.764586494332036, -33.560981964209923 ], [ -70.764717930019458, -33.560964137991562 ], [ -70.76494757229483, -33.560902574733234 ], [ -70.765080344519447, -33.560855413991519 ], [ -70.765589387371051, -33.560678681058612 ], [ -70.766781807274299, -33.560262735558169 ], [ -70.767463920192995, -33.560024154584994 ], [ -70.768632080770317, -33.559620236386245 ], [ -70.769844251247036, -33.559202845417182 ], [ -70.771634463266025, -33.55857634669826 ], [ -70.772942998416113, -33.558127414868913 ], [ -70.773909055020056, -33.557788956991374 ], [ -70.775129156197238, -33.557367838004318 ], [ -70.77569681258791, -33.557171143833322 ], [ -70.77656743801424, -33.556872149927194 ], [ -70.777810951162337, -33.556442300046406 ], [ -70.778271182181243, -33.55629420089668 ], [ -70.778318353429029, -33.556152129823431 ], [ -70.778317792520284, -33.556089764491283 ], [ -70.778299933162998, -33.556022977402037 ], [ -70.77822492394705, -33.555681913051153 ], [ -70.778867735274105, -33.555472123608283 ], [ -70.77993975156177, -33.555125342242249 ], [ -70.783400505155953, -33.554027573825572 ], [ -70.784843063068024, -33.553579126474581 ], [ -70.787299061297233, -33.552806804089869 ], [ -70.788683798715681, -33.552373019698621 ], [ -70.791855323237542, -33.551364389610463 ], [ -70.789634706228753, -33.549835209447622 ], [ -70.786689754463225, -33.547801959460728 ], [ -70.783744817364493, -33.545799255915931 ], [ -70.780822753918983, -33.543788911849276 ], [ -70.779701238956136, -33.543006896534905 ], [ -70.778350831994032, -33.542064662981147 ], [ -70.777931207581332, -33.541770944861518 ], [ -70.775032035388961, -33.539752961251111 ], [ -70.774810783911562, -33.539600365933204 ], [ -70.77214050469604, -33.537776944775423 ], [ -70.769767754082977, -33.536163319201364 ], [ -70.769763083716555, -33.536160123721913 ], [ -70.769621885019717, -33.536298954991587 ], [ -70.769177118475682, -33.53677728903147 ], [ -70.768766800019705, -33.537190372991468 ], [ -70.768170933519627, -33.537802820491549 ], [ -70.767632744019579, -33.538356916991518 ], [ -70.766955074519558, -33.539048586491617 ], [ -70.766665078784854, -33.539303946055036 ], [ -70.766196904618027, -33.539662560184624 ], [ -70.765875845844619, -33.539899775168294 ], [ -70.765475551019506, -33.540117338491598 ], [ -70.764984085019364, -33.540354358991564 ], [ -70.765130435519438, -33.540452817991593 ], [ -70.762955698019368, -33.541442165991725 ], [ -70.762225731852936, -33.541854742608841 ], [ -70.759775478071106, -33.542968762651292 ], [ -70.758944693609976, -33.54334140403882 ], [ -70.757254856018847, -33.544113515991789 ], [ -70.756910217839618, -33.544262730067203 ], [ -70.756803626070337, -33.544342436692837 ], [ -70.756754141018916, -33.54442006899184 ], [ -70.756743931799292, -33.544460610572571 ], [ -70.756740023506779, -33.54455461567602 ], [ -70.75673916403224, -33.544592989197604 ], [ -70.756954772828578, -33.544950811037609 ], [ -70.757135804210634, -33.545232954282184 ], [ -70.756256668018864, -33.545705154991815 ], [ -70.754805752815628, -33.546487230525258 ], [ -70.753405446018689, -33.547248758992005 ], [ -70.752568343850385, -33.547696106176645 ], [ -70.751275035548076, -33.54840328676238 ], [ -70.750299644714289, -33.548936630173337 ], [ -70.74951990238128, -33.549362993043637 ], [ -70.748874051288226, -33.549716144224583 ], [ -70.748601686690222, -33.54986507271429 ], [ -70.750713984328911, -33.552212571106971 ], [ -70.754202688726366, -33.556121764794113 ], [ -70.755916945200283, -33.558045875894322 ], [ -70.756354217985006, -33.558535260187007 ], [ -70.756609570884564, -33.55882243133339 ], [ -70.757000927093941, -33.559257081228502 ], [ -70.757423064123032, -33.559731244900838 ], [ -70.75772807030944, -33.560076959859082 ], [ -70.757991906064831, -33.560371117159491 ], [ -70.758339289798073, -33.560761862975703 ], [ -70.758582354040243, -33.561028438744628 ], [ -70.758802216869867, -33.561278691966265 ], [ -70.759114422075129, -33.561634314061848 ], [ -70.759409038446165, -33.561976765845024 ], [ -70.759678464821661, -33.56229934462516 ] ] ] } },
{ "type": "Feature", "properties": { "CUA_CODIGO": "39462172", "CUA_SUP": 2.84, "COMUNA": "MAIPU", "UNIDAD": "25A. COM. MAIPU", "DESTACAMEN": "25A. COM. MAIPU", "PREFECTURA": "PREF. STGO. RINCONADA", "ZONA": "METROPOLITANA", "NUM_CUAD": "217B", "CUA_DESCRI": "Cuadrante 217B", "CUA_TIPO": "Urbano", "CUA_ESTADO": "1", "CUA_FTERMI": null, "UNI_CODIGO": "811110250000", "CUA_ANO": "2014", "COD_AUPOL": "3226", "COM_CODIGO": "13119", "SHAPE_LENG": 8.9868431405500004, "SHAPE_AREA": 2.8396814001599999, "COD_DESTAC": "811110250000", "TOOLTIP": "Cuadrante 217B&&25A. COM. MAIPU", "COD": "CONPCSP", "SUP_KM2": 0.0, "cuadrante": "217B", "equipo_asignado": "Sin refuerzo", "ranking_pcsp": 12, "Total_PCSP": 10, "Total_Meta_PCSP": 4, "Total_Complementario_PCSP": 6, "Puntaje_PCSP_Ponderado": 52 }, "geometry": { "type": "Polygon", "coordinates": [ [ [ -70.753157440428325, -33.510521125225189 ], [ -70.749752061440347, -33.510434596119808 ], [ -70.747176447138713, -33.510363278635339 ], [ -70.746128748631463, -33.510345302210389 ], [ -70.743632006018174, -33.510280899992154 ], [ -70.742086876446876, -33.510261791996179 ], [ -70.739838260604031, -33.51010441407373 ], [ -70.739551609618843, -33.510098297897905 ], [ -70.739395981039308, -33.510101372679969 ], [ -70.739209493123269, -33.510118571314827 ], [ -70.738890411862826, -33.510160287267183 ], [ -70.738773525177805, -33.510121214422149 ], [ -70.738604935569128, -33.510083583190415 ], [ -70.738450564241816, -33.510072654629084 ], [ -70.7371422988777, -33.51004136002058 ], [ -70.737139605408174, -33.510143718157849 ], [ -70.734665856443826, -33.510084128179692 ], [ -70.734217142406862, -33.510066428622501 ], [ -70.730433017369648, -33.510021684652834 ], [ -70.729723446879177, -33.509994988277867 ], [ -70.729044394882521, -33.50997210233043 ], [ -70.728753942640083, -33.509960542444837 ], [ -70.728365342886036, -33.509945403257504 ], [ -70.727693920737636, -33.509911074336458 ], [ -70.727003242305614, -33.509901432704616 ], [ -70.726933924360992, -33.509803912919999 ], [ -70.726443762369513, -33.509841400260264 ], [ -70.726429578262255, -33.50972346136848 ], [ -70.725970836784541, -33.509716327945966 ], [ -70.725607845225568, -33.509706054990254 ], [ -70.725489334364909, -33.50970139380405 ], [ -70.725174629205469, -33.509781452351945 ], [ -70.724994970741037, -33.509689341989315 ], [ -70.724425914823883, -33.509385243434103 ], [ -70.724362454163668, -33.509387929708865 ], [ -70.724375919712713, -33.509469806686077 ], [ -70.724389085787436, -33.509641349668357 ], [ -70.724402552235929, -33.509723225746029 ], [ -70.724179425939553, -33.509750269259307 ], [ -70.72397891939147, -33.509752447417327 ], [ -70.723932619594507, -33.509748701740939 ], [ -70.723855410998169, -33.509719280420256 ], [ -70.723803770127631, -33.509709652278211 ], [ -70.723744038056623, -33.509707036150573 ], [ -70.723633264962928, -33.509725819390823 ], [ -70.723542830936708, -33.509748513782647 ], [ -70.723511255739652, -33.509751599356662 ], [ -70.723473280067537, -33.509751530108872 ], [ -70.723260711812387, -33.509751144299621 ], [ -70.722943186219425, -33.510033329950261 ], [ -70.724159239036339, -33.510509491275741 ], [ -70.725212096862094, -33.510940553981762 ], [ -70.727348332554698, -33.511901865372458 ], [ -70.729484566291774, -33.512989053722436 ], [ -70.732170098194501, -33.514316554764157 ], [ -70.732818614606401, -33.514644631764106 ], [ -70.734962472242671, -33.515727990075213 ], [ -70.737838754159611, -33.517227178938697 ], [ -70.739471439970146, -33.51807022651365 ], [ -70.740142833946095, -33.518417366683764 ], [ -70.740730284852418, -33.518722538741251 ], [ -70.741104127736378, -33.518920897009828 ], [ -70.742462161530966, -33.51966095887866 ], [ -70.74284362929177, -33.51986694397975 ], [ -70.743667597074079, -33.5203094440011 ], [ -70.746604925918405, -33.521911616614936 ], [ -70.749832144798972, -33.523662552552253 ], [ -70.753036490026773, -33.525409694629332 ], [ -70.753082269599929, -33.525432582949243 ], [ -70.753204345854272, -33.525501255731278 ], [ -70.753433223186164, -33.525623320252009 ], [ -70.75659179959672, -33.527347553475416 ], [ -70.756706239240557, -33.527416225279637 ], [ -70.756805426197161, -33.527469632663042 ], [ -70.756965644436377, -33.527561193765059 ], [ -70.757104014734182, -33.527640758250634 ], [ -70.757099913844684, -33.527562872645881 ], [ -70.757087550553649, -33.527500359997873 ], [ -70.757089240190453, -33.527446930125045 ], [ -70.757099021114129, -33.527381775463937 ], [ -70.757126265528768, -33.527221177838612 ], [ -70.757144949312647, -33.527049091074737 ], [ -70.757156364138737, -33.526931755190155 ], [ -70.757164165019333, -33.526765544998504 ], [ -70.757175578867646, -33.526570066348192 ], [ -70.757213717919115, -33.525398926128439 ], [ -70.757221340840431, -33.524685561106772 ], [ -70.757227401238822, -33.524116352996941 ], [ -70.757228467039852, -33.524005102933749 ], [ -70.757250088132139, -33.522097549013218 ], [ -70.757252861170116, -33.521887867831936 ], [ -70.757260816543123, -33.521824321650179 ], [ -70.757274723778949, -33.521771063869949 ], [ -70.757274716934376, -33.520897477675646 ], [ -70.757282334966703, -33.519573746049161 ], [ -70.757282329099723, -33.51890997303893 ], [ -70.757293439830278, -33.518683904923584 ], [ -70.757289954954558, -33.518490346670532 ], [ -70.757297570053311, -33.516838543910794 ], [ -70.757297568097783, -33.516621100960833 ], [ -70.757312824696228, -33.516251066604013 ], [ -70.757313161059017, -33.516212565766921 ], [ -70.757312817851641, -33.515442331953011 ], [ -70.757320442728542, -33.514961668435141 ], [ -70.757320440772958, -33.514656485621906 ], [ -70.757335696393511, -33.514294081030926 ], [ -70.757343324203816, -33.513996527983402 ], [ -70.757335819596847, -33.513351644012573 ], [ -70.757177036820224, -33.513351740338969 ], [ -70.756256736878015, -33.513422381838211 ], [ -70.755657137018829, -33.513470097991892 ], [ -70.755657133018815, -33.513183988992019 ], [ -70.7550036865739, -33.513179325672859 ], [ -70.754016728018883, -33.513168739992018 ], [ -70.753685878821102, -33.513160949747714 ], [ -70.75311904601881, -33.513146610992123 ], [ -70.753009595018625, -33.513138227992044 ], [ -70.752934607962743, -33.51312852476088 ], [ -70.752756327018631, -33.513093748992105 ], [ -70.752701242803653, -33.513077047364277 ], [ -70.7526357350186, -33.513035230992038 ], [ -70.752872256018691, -33.512726231992083 ], [ -70.753108775018745, -33.512245566992078 ], [ -70.753175342893257, -33.511938691635351 ], [ -70.753234661518718, -33.511688607492147 ], [ -70.753238473018882, -33.511349091992081 ], [ -70.753190036853141, -33.510853641311598 ], [ -70.753157440428325, -33.510521125225189 ] ] ] } },
{ "type": "Feature", "properties": { "CUA_CODIGO": "39582211", "CUA_SUP": 4.48, "COMUNA": "MAIPU", "UNIDAD": "52A. COM. RINCONADA DE MAIPU", "DESTACAMEN": "52A. COM. RINCONADA DE MAIPU", "PREFECTURA": "PREF. STGO. RINCONADA", "ZONA": "METROPOLITANA", "NUM_CUAD": "221A", "CUA_DESCRI": "Cuadrante 221A", "CUA_TIPO": "Urbano", "CUA_ESTADO": "1", "CUA_FTERMI": null, "UNI_CODIGO": "811110520000", "CUA_ANO": "2014", "COD_AUPOL": "3226", "COM_CODIGO": "13119", "SHAPE_LENG": 10.026962510060001, "SHAPE_AREA": 4.4769008816899998, "COD_DESTAC": "811110520000", "TOOLTIP": "Cuadrante 221A&&52A. COM. RINCONADA DE MAIPU", "COD": "CONPCSP", "SUP_KM2": 0.0, "cuadrante": "221A", "equipo_asignado": "Sin refuerzo", "ranking_pcsp": 20, "Total_PCSP": 1, "Total_Meta_PCSP": 0, "Total_Complementario_PCSP": 1, "Puntaje_PCSP_Ponderado": 2 }, "geometry": { "type": "Polygon", "coordinates": [ [ [ -70.780477114459089, -33.543547902714401 ], [ -70.780822753918983, -33.543788911849276 ], [ -70.783744817364493, -33.545799255915931 ], [ -70.786689754463225, -33.547801959460728 ], [ -70.789634706228753, -33.549835209447622 ], [ -70.792587270159686, -33.551868429122685 ], [ -70.795555113178523, -33.55395125645412 ], [ -70.797813427081223, -33.55548096144792 ], [ -70.797987944963097, -33.555616182948754 ], [ -70.79798955536495, -33.555614825184868 ], [ -70.7979991834153, -33.555606707583181 ], [ -70.798030028362973, -33.555580702786806 ], [ -70.798059140316866, -33.555555181825916 ], [ -70.798155157334293, -33.555467306370808 ], [ -70.800432152621568, -33.554877132573381 ], [ -70.802956504638757, -33.554203644682218 ], [ -70.805988326100135, -33.553522702310651 ], [ -70.80839456205905, -33.553275322198083 ], [ -70.80965889644051, -33.553044593932611 ], [ -70.811708329975204, -33.551940266030279 ], [ -70.811728894772443, -33.551916606665827 ], [ -70.811778655716978, -33.551861626551151 ], [ -70.810898291762953, -33.551295287327548 ], [ -70.810213713144833, -33.550735176660112 ], [ -70.809475789722285, -33.549979472939867 ], [ -70.808640069773389, -33.549010393913697 ], [ -70.805531739522223, -33.544985691915549 ], [ -70.804587765486247, -33.543611872533454 ], [ -70.803989353452721, -33.542330765122642 ], [ -70.803795501859952, -33.54186720624341 ], [ -70.803028523139062, -33.539776977951135 ], [ -70.801789556911331, -33.536186505749981 ], [ -70.800938294846787, -33.533843427426568 ], [ -70.800053319249173, -33.531373923598778 ], [ -70.799497049376328, -33.529789396346246 ], [ -70.799151487373877, -33.528491431680095 ], [ -70.799033490497152, -33.5276654545209 ], [ -70.798999776964024, -33.527159754458694 ], [ -70.799008205591747, -33.525895503325607 ], [ -70.79901123774664, -33.52495955506425 ], [ -70.798324581305508, -33.5250015378437 ], [ -70.795573657136515, -33.524920976980816 ], [ -70.791873421818025, -33.524840202821622 ], [ -70.79188191752111, -33.524909992490961 ], [ -70.79185697302114, -33.526010301490984 ], [ -70.791818950521133, -33.52731551499101 ], [ -70.79182005822031, -33.527601390767124 ], [ -70.791839093908436, -33.527709894189002 ], [ -70.791978054431183, -33.528050633005023 ], [ -70.792314986109659, -33.528941503205658 ], [ -70.792497741521061, -33.529408093990867 ], [ -70.793399611502082, -33.531845884613453 ], [ -70.793386695346726, -33.531918684816382 ], [ -70.793340885316127, -33.532120168941724 ], [ -70.793278191924855, -33.532316530696555 ], [ -70.793011692292168, -33.53282859070498 ], [ -70.792511053696501, -33.533797507226666 ], [ -70.791998993687912, -33.534755002335373 ], [ -70.791900008110133, -33.534943455647131 ], [ -70.791827672495572, -33.53500627341765 ], [ -70.790965355826984, -33.535436479967416 ], [ -70.78985419002089, -33.535988051490961 ], [ -70.78909224412314, -33.536371132250608 ], [ -70.788917115793083, -33.536479635672499 ], [ -70.788787673114371, -33.53658813909442 ], [ -70.78816196002083, -33.537138491491021 ], [ -70.788083812020773, -33.537200844990984 ], [ -70.787114436134971, -33.538065308486921 ], [ -70.786290630020815, -33.538790159491107 ], [ -70.78560109893499, -33.539386385237364 ], [ -70.784834763020683, -33.540060375490945 ], [ -70.784162000918684, -33.540604669272454 ], [ -70.78342341622232, -33.541227136271637 ], [ -70.782753360003028, -33.541802014050617 ], [ -70.782580135241744, -33.541948588848641 ], [ -70.78243072602038, -33.542045866491094 ], [ -70.782119659020395, -33.542168918491257 ], [ -70.78201667887555, -33.542211281343661 ], [ -70.780477114459089, -33.543547902714401 ] ] ] } },
{ "type": "Feature", "properties": { "CUA_CODIGO": "39462182", "CUA_SUP": 2.73, "COMUNA": "MAIPU", "UNIDAD": "25A. COM. MAIPU", "DESTACAMEN": "25A. COM. MAIPU", "PREFECTURA": "PREF. STGO. RINCONADA", "ZONA": "METROPOLITANA", "NUM_CUAD": "218B", "CUA_DESCRI": "Cuadrante 218B", "CUA_TIPO": "Urbano", "CUA_ESTADO": "1", "CUA_FTERMI": null, "UNI_CODIGO": "811110250000", "CUA_ANO": "2014", "COD_AUPOL": "3226", "COM_CODIGO": "13119", "SHAPE_LENG": 6.86318403876, "SHAPE_AREA": 2.7305837848699999, "COD_DESTAC": "811110250000", "TOOLTIP": "Cuadrante 218B&&25A. COM. MAIPU", "COD": "CONPCSP", "SUP_KM2": 0.0, "cuadrante": "218B", "equipo_asignado": "Motoristas", "ranking_pcsp": 6, "Total_PCSP": 11, "Total_Meta_PCSP": 7, "Total_Complementario_PCSP": 4, "Puntaje_PCSP_Ponderado": 78 }, "geometry": { "type": "Polygon", "coordinates": [ [ [ -70.764995827622045, -33.509921896279991 ], [ -70.763369495409222, -33.510221804049358 ], [ -70.763179349019424, -33.510265830991777 ], [ -70.763159492296836, -33.510281023928307 ], [ -70.763092183290269, -33.510648552519513 ], [ -70.763081160398713, -33.510715592465317 ], [ -70.763084474107131, -33.510799042584658 ], [ -70.76311596001932, -33.511169093991782 ], [ -70.763192710645797, -33.512188867485115 ], [ -70.763209247455563, -33.512375873528249 ], [ -70.763279294019412, -33.513130534991603 ], [ -70.761358818077042, -33.512895806019692 ], [ -70.759835412093821, -33.512701037805861 ], [ -70.758739563040535, -33.512564235655802 ], [ -70.757424922899872, -33.512400854504612 ], [ -70.757358569068572, -33.512394317235533 ], [ -70.757335688571175, -33.513340384739131 ], [ -70.757343324203816, -33.513996527983402 ], [ -70.757335696393511, -33.514294081030926 ], [ -70.757320440772958, -33.514656485621906 ], [ -70.757320442728542, -33.514961668435141 ], [ -70.757312817851641, -33.515442331953011 ], [ -70.757313161059017, -33.516212565766921 ], [ -70.757312824696228, -33.516251066604013 ], [ -70.757297568097783, -33.516621100960833 ], [ -70.757297570053311, -33.516838543910794 ], [ -70.757289954954558, -33.518490346670532 ], [ -70.757293439830278, -33.518683904923584 ], [ -70.757282329099723, -33.51890997303893 ], [ -70.757282334966703, -33.519573746049161 ], [ -70.757274716934376, -33.520897477675646 ], [ -70.757274723778949, -33.521771063869949 ], [ -70.757260816543123, -33.521824321650179 ], [ -70.757252861170116, -33.521887867831936 ], [ -70.757250088132139, -33.522097549013218 ], [ -70.757228467039852, -33.524005102933749 ], [ -70.757227401238822, -33.524116352996941 ], [ -70.757221340840431, -33.524685561106772 ], [ -70.757213717919115, -33.525398926128439 ], [ -70.759052497366383, -33.525410359532707 ], [ -70.75981547688923, -33.525414169037731 ], [ -70.760273263820807, -33.525417981476259 ], [ -70.760868387515984, -33.525429421724823 ], [ -70.761603038245255, -33.525433726974022 ], [ -70.761657513385103, -33.525447691899949 ], [ -70.762792604109961, -33.525452825344914 ], [ -70.762916565560786, -33.525451663719657 ], [ -70.767074581657539, -33.525131225285733 ], [ -70.769409175618819, -33.524944305310321 ], [ -70.771705629550695, -33.524791725637151 ], [ -70.775232333089491, -33.524564887361066 ], [ -70.775383003641252, -33.524555195072139 ], [ -70.7753898687684, -33.524521782701129 ], [ -70.775380229625512, -33.524002605634912 ], [ -70.775372603770791, -33.523533383343761 ], [ -70.775364969115913, -33.523064164963714 ], [ -70.77534207590702, -33.522594945605938 ], [ -70.775334442229962, -33.522129541619904 ], [ -70.775311547065428, -33.521522991365032 ], [ -70.775349676339033, -33.519817780244175 ], [ -70.775358268259083, -33.519369295114871 ], [ -70.77535934383792, -33.519329972926577 ], [ -70.775372559769835, -33.518581790436592 ], [ -70.775380180735567, -33.518124017194339 ], [ -70.775395438311705, -33.517319095959635 ], [ -70.775410690021147, -33.516445509765113 ], [ -70.775410684154338, -33.515804625074843 ], [ -70.775433569540724, -33.515308703003079 ], [ -70.775433564651678, -33.514751743782035 ], [ -70.775433558784982, -33.514156636709231 ], [ -70.775441187572994, -33.514011675068325 ], [ -70.77544118463976, -33.513649270477458 ], [ -70.77543355291823, -33.513450901453204 ], [ -70.77544880756102, -33.512920645923764 ], [ -70.775479318802184, -33.511970764026209 ], [ -70.775486944656905, -33.511547322285878 ], [ -70.775502199299694, -33.511005622596592 ], [ -70.775509826132307, -33.510627959451661 ], [ -70.775525081752789, -33.510204517711308 ], [ -70.775525078819385, -33.509853557280579 ], [ -70.775540334422047, -33.509353820421374 ], [ -70.772698490677612, -33.509135536425326 ], [ -70.770329184019715, -33.508960929991581 ], [ -70.76985914158179, -33.509012801981228 ], [ -70.769606439519748, -33.509062325491634 ], [ -70.768744184019695, -33.5092309389916 ], [ -70.767980111019597, -33.509378591991648 ], [ -70.767142806257198, -33.509529782677866 ], [ -70.764995827622045, -33.509921896279991 ] ] ] } },
{ "type": "Feature", "properties": { "CUA_CODIGO": "39462221", "CUA_SUP": 2.62, "COMUNA": "MAIPU", "UNIDAD": "25A. COM. MAIPU", "DESTACAMEN": "25A. COM. MAIPU", "PREFECTURA": "PREF. STGO. RINCONADA", "ZONA": "METROPOLITANA", "NUM_CUAD": "222A", "CUA_DESCRI": "Cuadrante 222A", "CUA_TIPO": "Urbano", "CUA_ESTADO": "1", "CUA_FTERMI": null, "UNI_CODIGO": "811110250000", "CUA_ANO": "2014", "COD_AUPOL": "3226", "COM_CODIGO": "13119", "SHAPE_LENG": 6.5987452955799997, "SHAPE_AREA": 2.61629610042, "COD_DESTAC": "811110250000", "TOOLTIP": "Cuadrante 222A&&25A. COM. MAIPU", "COD": "CONPCSP", "SUP_KM2": 0.0, "cuadrante": "222A", "equipo_asignado": "Móviles", "ranking_pcsp": 1, "Total_PCSP": 16, "Total_Meta_PCSP": 12, "Total_Complementario_PCSP": 4, "Puntaje_PCSP_Ponderado": 128 }, "geometry": { "type": "Polygon", "coordinates": [ [ [ -70.736780647309274, -33.503405854616858 ], [ -70.739352879774515, -33.50272553007057 ], [ -70.740346804244723, -33.502248599591901 ], [ -70.741411281999888, -33.501513788999937 ], [ -70.742086454883008, -33.500766131097002 ], [ -70.74275513769436, -33.500021884293346 ], [ -70.743360375753412, -33.499322977266495 ], [ -70.744457723733888, -33.498054360410492 ], [ -70.745311824849523, -33.496984545530594 ], [ -70.745782331999976, -33.496395205999931 ], [ -70.746372789242116, -33.495479033030158 ], [ -70.746789194918165, -33.494681913593119 ], [ -70.747705287405495, -33.492998444931516 ], [ -70.748145487691545, -33.492272709324716 ], [ -70.749008263518533, -33.490771419492141 ], [ -70.749916872977849, -33.489216627262181 ], [ -70.750158776612025, -33.488819491491427 ], [ -70.749671606819504, -33.48833232169892 ], [ -70.749342846338038, -33.488152997266525 ], [ -70.749073860667238, -33.488093222455738 ], [ -70.748700268099583, -33.488018503942151 ], [ -70.748408583802075, -33.487868654284043 ], [ -70.748012859731148, -33.487644912352494 ], [ -70.747549605925258, -33.487390870384395 ], [ -70.747011633605851, -33.486972446708876 ], [ -70.746563322524878, -33.486748292146224 ], [ -70.746309280556886, -33.486583911416517 ], [ -70.746100068719045, -33.486285038340327 ], [ -70.745980520075094, -33.485986164286317 ], [ -70.745726477129324, -33.485702234912885 ], [ -70.74515861740457, -33.485403360858818 ], [ -70.744829856922877, -33.485134375188125 ], [ -70.744650532490482, -33.485044712971899 ], [ -70.744381546819795, -33.484969994458361 ], [ -70.744052785360395, -33.484850445814573 ], [ -70.743709081176064, -33.484775727301106 ], [ -70.743440094527571, -33.484730896193014 ], [ -70.743186052559508, -33.484596402868696 ], [ -70.742991784424305, -33.484521684355116 ], [ -70.742588305429308, -33.484446965841578 ], [ -70.74208022051522, -33.484312473495216 ], [ -70.741587079303997, -33.483998655738617 ], [ -70.741049106984576, -33.483714726365065 ], [ -70.740570909476048, -33.483565289338053 ], [ -70.739958218643153, -33.483430796013749 ], [ -70.739285752999479, -33.483415852311055 ], [ -70.73862823203639, -33.483430796013749 ], [ -70.738254639468721, -33.48356528933806 ], [ -70.737763322830574, -33.483731060497966 ], [ -70.737402850370643, -33.483879106116817 ], [ -70.736805103240442, -33.483983712035865 ], [ -70.735983201547413, -33.483879106116831 ], [ -70.735295792201157, -33.483759557473149 ], [ -70.734757819881679, -33.483490570824529 ], [ -70.734518720638619, -33.483296303667252 ], [ -70.734294566075846, -33.482937654802406 ], [ -70.733756593756482, -33.482593950618195 ], [ -70.733412889572264, -33.482579006915493 ], [ -70.733069184410112, -33.4825790069155 ], [ -70.732650761712421, -33.482579006915493 ], [ -70.732082901987553, -33.482579006915508 ], [ -70.731515042262799, -33.4825790069155 ], [ -70.731291517396073, -33.482537294973156 ], [ -70.731312563323854, -33.487284773773013 ], [ -70.731309347348258, -33.487334348001525 ], [ -70.731327469586745, -33.488396884408417 ], [ -70.731327357171608, -33.488397372740344 ], [ -70.731328373405518, -33.488450916576312 ], [ -70.731328357217706, -33.488451374331184 ], [ -70.731341250797868, -33.489222257001352 ], [ -70.731341365011644, -33.489222391899652 ], [ -70.731342172602979, -33.489277173202709 ], [ -70.731342365057799, -33.489277392637291 ], [ -70.73135737564219, -33.490451420696274 ], [ -70.731356026659114, -33.490510115848906 ], [ -70.731356377394604, -33.49051042161846 ], [ -70.731676311212652, -33.493200461132176 ], [ -70.731678580202185, -33.493341862436843 ], [ -70.731675649311512, -33.493485239551944 ], [ -70.731675842665936, -33.493640720642532 ], [ -70.731663355579371, -33.493740503121501 ], [ -70.731645791819687, -33.493876797176142 ], [ -70.731623124407349, -33.49398812964818 ], [ -70.731581215100675, -33.49416325373096 ], [ -70.731541417402184, -33.494358600868551 ], [ -70.731524528134173, -33.494434053988122 ], [ -70.731515760643617, -33.494455392202326 ], [ -70.731501053130899, -33.49449549926765 ], [ -70.731434746250045, -33.494670748424703 ], [ -70.731928214015625, -33.495066623625526 ], [ -70.732233421434955, -33.495326033069659 ], [ -70.732576778994826, -33.495654111148149 ], [ -70.733286387256669, -33.496409451734678 ], [ -70.733568705131461, -33.496783308003103 ], [ -70.733797612269655, -33.497111386081201 ], [ -70.734095190740163, -33.497592059325825 ], [ -70.734339359373735, -33.498049843025626 ], [ -70.734934519912045, -33.499285859554504 ], [ -70.73598626830244, -33.501633043172546 ], [ -70.736780647309274, -33.503405854616858 ] ] ] } },
{ "type": "Feature", "properties": { "CUA_CODIGO": "3958801", "CUA_SUP": 36.96, "COMUNA": "MAIPU", "UNIDAD": "52A. COM. RINCONADA DE MAIPU", "DESTACAMEN": "52A. COM. RINCONADA DE MAIPU", "PREFECTURA": "PREF. STGO. RINCONADA", "ZONA": "METROPOLITANA", "NUM_CUAD": "SRA", "CUA_DESCRI": "Sector Rural A", "CUA_TIPO": "Rural", "CUA_ESTADO": "1", "CUA_FTERMI": null, "UNI_CODIGO": "811110520000", "CUA_ANO": "2014", "COD_AUPOL": "3226", "COM_CODIGO": "13119", "SHAPE_LENG": 26.4978186791, "SHAPE_AREA": 36.963491730660003, "COD_DESTAC": "811110520000", "TOOLTIP": "Sector Rural A&&52A. COM. RINCONADA DE MAIPU", "COD": "CONPCSP", "SUP_KM2": 0.0, "cuadrante": "SRA", "equipo_asignado": "Sin refuerzo", "ranking_pcsp": 21, "Total_PCSP": 0, "Total_Meta_PCSP": 0, "Total_Complementario_PCSP": 0, "Puntaje_PCSP_Ponderado": 0 }, "geometry": { "type": "Polygon", "coordinates": [ [ [ -70.875020411926641, -33.478804278716602 ], [ -70.871510001285344, -33.478859998589883 ], [ -70.869150000372088, -33.47833999979099 ], [ -70.86636999987536, -33.478840000365544 ], [ -70.862549999982434, -33.478939999581023 ], [ -70.859510000985438, -33.479869999300838 ], [ -70.857479999102509, -33.479620000362559 ], [ -70.85695533462092, -33.479676222379567 ], [ -70.8535599990945, -33.480039999046483 ], [ -70.85132000011771, -33.480030000383977 ], [ -70.849019999159069, -33.479699999713887 ], [ -70.848474354914231, -33.480435211858492 ], [ -70.847975872964639, -33.481278797222778 ], [ -70.848282631012239, -33.481777279172377 ], [ -70.848896148085373, -33.482582520147446 ], [ -70.848781113939708, -33.483464449901021 ], [ -70.848282631012353, -33.484039621607103 ], [ -70.847975872964639, -33.48495989672768 ], [ -70.847899183208312, -33.485726792335761 ], [ -70.847937528575414, -33.486301964041722 ], [ -70.848090907110247, -33.486762101602096 ], [ -70.848129252477406, -33.487260583551624 ], [ -70.847669114916982, -33.48814251330532 ], [ -70.846940563698354, -33.488602650865623 ], [ -70.846403736381603, -33.489139478182373 ], [ -70.846135323701105, -33.489944718179622 ], [ -70.845598496384355, -33.490366511350715 ], [ -70.845291738336755, -33.491018372813016 ], [ -70.84540677248242, -33.491478510373327 ], [ -70.845866910042673, -33.492283750370561 ], [ -70.846327047603097, -33.492743887930992 ], [ -70.846403736381603, -33.493165680124257 ], [ -70.846212012479612, -33.493587473295236 ], [ -70.846020288577677, -33.493894231342892 ], [ -70.84617366809033, -33.494162645001211 ], [ -70.846518771505089, -33.494737816707236 ], [ -70.8489728378417, -33.500681258646807 ], [ -70.848518918105412, -33.50083297199 ], [ -70.847827826367904, -33.501232269916386 ], [ -70.847428528441526, -33.501508706415841 ], [ -70.847198164854944, -33.501800501204798 ], [ -70.847013873203366, -33.502261229355838 ], [ -70.846722079392293, -33.5025376658553 ], [ -70.846292065864716, -33.502814103332469 ], [ -70.845693119952898, -33.502890890868791 ], [ -70.845186318889091, -33.502890890868784 ], [ -70.844802378274323, -33.503044466919114 ], [ -70.844449153260825, -33.503320904396332 ], [ -70.844341650123397, -33.503566625294638 ], [ -70.844003783399387, -33.503950565909228 ], [ -70.843143757322025, -33.505194531623587 ], [ -70.841439063456733, -33.507344596328146 ], [ -70.840118309228444, -33.508957144367514 ], [ -70.840164382141324, -33.511521864310168 ], [ -70.840210455054205, -33.512873333161849 ], [ -70.841177984268995, -33.515591629154756 ], [ -70.841408347855577, -33.516267363580596 ], [ -70.841392990543909, -33.517096674056809 ], [ -70.841439063456733, -33.517941342822489 ], [ -70.841439063456733, -33.519523175260751 ], [ -70.841362274942696, -33.520659638815403 ], [ -70.841224057181819, -33.521442876378671 ], [ -70.840870832168321, -33.523531509880797 ], [ -70.840640467603919, -33.525113343296887 ], [ -70.838674694550946, -33.52933668419184 ], [ -70.835941041246372, -33.531026020745337 ], [ -70.835820102172306, -33.531811229551579 ], [ -70.835962540113826, -33.532087725696783 ], [ -70.836574182746119, -33.53247314474357 ], [ -70.836942844273096, -33.532858563790448 ], [ -70.837135553796486, -33.533151816477762 ], [ -70.837311505800017, -33.53356237180445 ], [ -70.837537729385431, -33.533780216630021 ], [ -70.837878001081208, -33.533895853999411 ], [ -70.839627435757336, -33.534812252283523 ], [ -70.843795187297872, -33.534177609708763 ], [ -70.853914850889396, -33.537534472238008 ], [ -70.860217183775717, -33.530915444891725 ], [ -70.866568444278016, -33.530765747341199 ], [ -70.87564639256675, -33.532332941012271 ], [ -70.882944210207029, -33.530053358375653 ], [ -70.889032005322576, -33.52797668527564 ], [ -70.892046394325348, -33.52458501808389 ], [ -70.895485421614751, -33.520064053313256 ], [ -70.899068549074059, -33.518611379311551 ], [ -70.90342896687315, -33.514143702069987 ], [ -70.920996571034664, -33.51115686739535 ], [ -70.921044161358793, -33.511156867395357 ], [ -70.921087588721093, -33.511090000103302 ], [ -70.922167589062724, -33.510270000060295 ], [ -70.923377589104291, -33.50928000027158 ], [ -70.924388249018307, -33.508695403170179 ], [ -70.925927588886907, -33.508429999744465 ], [ -70.927127589366535, -33.508300000044748 ], [ -70.927807589248687, -33.508130000299097 ], [ -70.928997589267169, -33.507090000003359 ], [ -70.929917589424974, -33.506189999868468 ], [ -70.930067589147825, -33.504919999757988 ], [ -70.929607588618978, -33.503849999877382 ], [ -70.928777589014373, -33.501369999725576 ], [ -70.928317592982353, -33.499600008933037 ], [ -70.92802758860222, -33.49908000024157 ], [ -70.92777758876457, -33.499060000218655 ], [ -70.927117588905276, -33.498559999644051 ], [ -70.926067588148442, -33.49771999957818 ], [ -70.925867587918617, -33.496889999073964 ], [ -70.925717588195951, -33.495789998709306 ], [ -70.92539758872762, -33.49508999880414 ], [ -70.924457587647339, -33.493520000147718 ], [ -70.922047588924897, -33.491499999625034 ], [ -70.920907590312765, -33.490659998659915 ], [ -70.920347587870651, -33.489099999565205 ], [ -70.919977587895175, -33.487969999615594 ], [ -70.919929999369742, -33.487969999615579 ], [ -70.917880000161631, -33.48826999996033 ], [ -70.915469998741173, -33.487989998739288 ], [ -70.914350000152183, -33.487749999362848 ], [ -70.913549999232885, -33.486889999273906 ], [ -70.91295000034205, -33.486229999414775 ], [ -70.912229998615373, -33.484439999606025 ], [ -70.911729998940018, -33.483799998870708 ], [ -70.910029998785262, -33.483609999101979 ], [ -70.905469998941101, -33.483079999841884 ], [ -70.901909999346913, -33.48172000097707 ], [ -70.897189999318812, -33.480129998700193 ], [ -70.89495999900447, -33.478639999236293 ], [ -70.893479999102453, -33.478299998845671 ], [ -70.892689998644357, -33.478359998914584 ], [ -70.889399998910619, -33.479230000364055 ], [ -70.886809999082061, -33.480639998836693 ], [ -70.884419998583837, -33.481369999225926 ], [ -70.88266999972052, -33.481120000287554 ], [ -70.880569999105944, -33.480050000407068 ], [ -70.877810000430998, -33.478760000273553 ], [ -70.875020411926641, -33.478804278716602 ] ] ] } },
{ "type": "Feature", "properties": { "CUA_CODIGO": "3958802", "CUA_SUP": 28.69, "COMUNA": "MAIPU", "UNIDAD": "52A. COM. RINCONADA DE MAIPU", "DESTACAMEN": "52A. COM. RINCONADA DE MAIPU", "PREFECTURA": "PREF. STGO. RINCONADA", "ZONA": "METROPOLITANA", "NUM_CUAD": "SRB", "CUA_DESCRI": "Sector Rural B", "CUA_TIPO": "Rural", "CUA_ESTADO": "1", "CUA_FTERMI": null, "UNI_CODIGO": "811110520000", "CUA_ANO": "2014", "COD_AUPOL": "3226", "COM_CODIGO": "13119", "SHAPE_LENG": 29.629358821490001, "SHAPE_AREA": 28.692600556150001, "COD_DESTAC": "811110520000", "TOOLTIP": "Sector Rural B&&52A. COM. RINCONADA DE MAIPU", "COD": "CONPCSP", "SUP_KM2": 0.0, "cuadrante": "SRB", "equipo_asignado": "Sin refuerzo", "ranking_pcsp": 22, "Total_PCSP": 0, "Total_Meta_PCSP": 0, "Total_Complementario_PCSP": 0, "Puntaje_PCSP_Ponderado": 0 }, "geometry": { "type": "Polygon", "coordinates": [ [ [ -70.787774969993961, -33.497913960605047 ], [ -70.789074175381359, -33.498198979493338 ], [ -70.790799634879534, -33.498583842729829 ], [ -70.791522871795678, -33.498747010432737 ], [ -70.792823407825495, -33.499027220111763 ], [ -70.79301600216462, -33.499066932622604 ], [ -70.793251565421428, -33.499115505225795 ], [ -70.793579955679093, -33.49920115075809 ], [ -70.79429689905362, -33.499398616351641 ], [ -70.794540500513961, -33.499472632423775 ], [ -70.794950223773355, -33.499630155240872 ], [ -70.795039520505327, -33.499664486396 ], [ -70.795210513307666, -33.499745934103707 ], [ -70.795664314730232, -33.499974505317937 ], [ -70.795993026299129, -33.500159257360117 ], [ -70.796200623367724, -33.500284241835175 ], [ -70.796463421039334, -33.500453910207511 ], [ -70.796676853726069, -33.500625077531197 ], [ -70.796893207615881, -33.500798587581869 ], [ -70.797093734543409, -33.500963557865695 ], [ -70.797498141077881, -33.501344562406757 ], [ -70.79758346773491, -33.501436977103367 ], [ -70.797890543422113, -33.501787377482572 ], [ -70.798051873161455, -33.502014090659429 ], [ -70.798213202900797, -33.502240803836287 ], [ -70.798334231143428, -33.502442729477195 ], [ -70.798501017869569, -33.502720999373935 ], [ -70.798578983422658, -33.502851078468893 ], [ -70.798740260581951, -33.503219584820719 ], [ -70.798830091359946, -33.503424841488147 ], [ -70.798907431698353, -33.503663318163142 ], [ -70.798951778603339, -33.503800060550077 ], [ -70.799009643235308, -33.50411894272326 ], [ -70.799135874276374, -33.50471360656411 ], [ -70.799141144019927, -33.504789463969367 ], [ -70.799171451892619, -33.505225742616808 ], [ -70.79920078373766, -33.5056479714492 ], [ -70.799211225257295, -33.506152408372145 ], [ -70.799225440148518, -33.50700300117586 ], [ -70.799234666856535, -33.507728695104447 ], [ -70.799238177152858, -33.508004784995592 ], [ -70.799231074684201, -33.508219198247609 ], [ -70.799218159239388, -33.508609096836153 ], [ -70.799204363461456, -33.509810583574271 ], [ -70.799201410360922, -33.510081128556251 ], [ -70.799207233293558, -33.510310336295049 ], [ -70.799214118392001, -33.510581354002454 ], [ -70.799224848890788, -33.511003737973162 ], [ -70.799234486653575, -33.511526944170377 ], [ -70.799238161067251, -33.511901848173352 ], [ -70.799245914258222, -33.512692913818007 ], [ -70.799251742797196, -33.513287605339436 ], [ -70.799245401932922, -33.514361590903206 ], [ -70.799242854356976, -33.515057440863707 ], [ -70.799245641140487, -33.516069311941408 ], [ -70.799197137739725, -33.51791978742375 ], [ -70.799172791489468, -33.518867898564615 ], [ -70.799135283993792, -33.520175281369404 ], [ -70.799105140154097, -33.521299531489944 ], [ -70.799085226927119, -33.52286650651223 ], [ -70.79907576196257, -33.523125992539391 ], [ -70.799050915300256, -33.523807174354886 ], [ -70.799029746763097, -33.524406580119077 ], [ -70.79901123774664, -33.524959555064122 ], [ -70.799008205591747, -33.525895503325607 ], [ -70.798999776964024, -33.527159754458694 ], [ -70.799033490497152, -33.5276654545209 ], [ -70.799151487373877, -33.528491431680095 ], [ -70.799497049376328, -33.529789396346246 ], [ -70.800053319249173, -33.531373923598778 ], [ -70.800938294846787, -33.533843427426568 ], [ -70.801789556911331, -33.536186505749981 ], [ -70.803028523139062, -33.539776977951135 ], [ -70.803795501859952, -33.54186720624341 ], [ -70.803989353452721, -33.542330765122642 ], [ -70.804587765486247, -33.543611872533454 ], [ -70.805531739522223, -33.544985691915549 ], [ -70.808640069773389, -33.549010393913697 ], [ -70.809475789722285, -33.549979472939867 ], [ -70.810213713144833, -33.550735176660112 ], [ -70.810898291762953, -33.551295287327548 ], [ -70.811778655716978, -33.551861626551151 ], [ -70.811819319805579, -33.551816697382378 ], [ -70.811840467363425, -33.551791614391163 ], [ -70.820110925178938, -33.543936439215074 ], [ -70.814631581681965, -33.540772330178761 ], [ -70.813577333426963, -33.538104914010376 ], [ -70.805228997919585, -33.53480457836838 ], [ -70.805766539793751, -33.52997207674975 ], [ -70.810018073974732, -33.527911813579131 ], [ -70.811310200105311, -33.528849515992199 ], [ -70.820157832018026, -33.537990301710806 ], [ -70.827329529633801, -33.536513914385466 ], [ -70.829781909807096, -33.536008756198946 ], [ -70.837878001081151, -33.533895853999347 ], [ -70.83753772938536, -33.533780216630007 ], [ -70.837311505799903, -33.53356237180445 ], [ -70.837135553796429, -33.533151816477641 ], [ -70.836942844273096, -33.532858563790448 ], [ -70.836574182746006, -33.53247314474357 ], [ -70.835962540113826, -33.532087725696719 ], [ -70.835820102172306, -33.531811229551472 ], [ -70.835941041246315, -33.53102602074528 ], [ -70.838674694550946, -33.52933668419184 ], [ -70.840640467603919, -33.525113343296887 ], [ -70.840870832168321, -33.523531509880797 ], [ -70.841224057181819, -33.521442876378607 ], [ -70.841362274942696, -33.520659638815403 ], [ -70.841439063456733, -33.519523175260751 ], [ -70.841439063456733, -33.517941342822439 ], [ -70.841392990543852, -33.517096674056695 ], [ -70.841408347855463, -33.516267363580468 ], [ -70.841177984268938, -33.515591629154756 ], [ -70.840210455054148, -33.512873333161799 ], [ -70.840164382141268, -33.511521864310055 ], [ -70.840118309228444, -33.508957144367514 ], [ -70.841439063456733, -33.507344596328146 ], [ -70.843143757321968, -33.505194531623538 ], [ -70.844003783399387, -33.503950565909179 ], [ -70.844341650123397, -33.503566625294567 ], [ -70.844449153260726, -33.503320904396332 ], [ -70.844802378274323, -33.503044466919043 ], [ -70.845186318889091, -33.502890890868677 ], [ -70.845693119952841, -33.502890890868677 ], [ -70.846292065864645, -33.502814103332348 ], [ -70.846722079392293, -33.502537665855229 ], [ -70.847013873203366, -33.502261229355767 ], [ -70.847198164854888, -33.501800501204805 ], [ -70.847428528441412, -33.501508706415834 ], [ -70.847827826367848, -33.501232269916386 ], [ -70.848518918105412, -33.50083297199 ], [ -70.8489728378417, -33.50068125864675 ], [ -70.846518771505032, -33.494737816707179 ], [ -70.84617366809033, -33.494162645001211 ], [ -70.846020288577677, -33.493894231342892 ], [ -70.846212012479555, -33.493587473295179 ], [ -70.84640373638149, -33.493165680124207 ], [ -70.84632704760304, -33.492743887930878 ], [ -70.845866910042616, -33.492283750370561 ], [ -70.84540677248242, -33.491478510373206 ], [ -70.845291738336755, -33.49101837281296 ], [ -70.845598496384298, -33.490366511350658 ], [ -70.846135323701048, -33.489944718179515 ], [ -70.84640373638149, -33.489139478182317 ], [ -70.846940563698297, -33.488602650865623 ], [ -70.847669114916869, -33.488142513305206 ], [ -70.848129252477349, -33.487260583551624 ], [ -70.848090907110191, -33.486762101602039 ], [ -70.847937528575358, -33.486301964041722 ], [ -70.847899183208312, -33.48572679233569 ], [ -70.847975872964639, -33.484959896727617 ], [ -70.848282631012296, -33.484039621606989 ], [ -70.848781113939594, -33.483464449900893 ], [ -70.848896148085373, -33.482582520147389 ], [ -70.848282631012125, -33.481777279172377 ], [ -70.847975872964639, -33.481278797222778 ], [ -70.848474354914231, -33.480435211858435 ], [ -70.849019999158998, -33.479699999713887 ], [ -70.848189999668648, -33.479340000040793 ], [ -70.847899998885623, -33.478250001036479 ], [ -70.847885774308907, -33.477396565998568 ], [ -70.847869999300826, -33.476449998968 ], [ -70.847239999026513, -33.475739998601846 ], [ -70.845730000438891, -33.474160000383563 ], [ -70.845550000232151, -33.473329999879233 ], [ -70.844069999430701, -33.471780000346413 ], [ -70.843279998972491, -33.47060999855222 ], [ -70.84298000042628, -33.469459998579794 ], [ -70.841339999441232, -33.467119998588878 ], [ -70.840999999050553, -33.466899999235288 ], [ -70.839919999608071, -33.466329999929307 ], [ -70.835479999002473, -33.466140000160529 ], [ -70.831510000285959, -33.465690000093154 ], [ -70.829740001399841, -33.465309999656533 ], [ -70.828534052803889, -33.465861568256578 ], [ -70.827159999334242, -33.46648999921382 ], [ -70.826159999084439, -33.467009998912026 ], [ -70.825129999249953, -33.467389999348768 ], [ -70.824552176798193, -33.467517120663508 ], [ -70.824048289594941, -33.468692857432863 ], [ -70.822295601441851, -33.470817328247392 ], [ -70.821127142346938, -33.472092010540621 ], [ -70.819640012678974, -33.473844698693945 ], [ -70.818790224157567, -33.475225604185646 ], [ -70.818259107187259, -33.476553398567091 ], [ -70.819055783620513, -33.477774968772117 ], [ -70.81900267153236, -33.479315210528398 ], [ -70.818365330385745, -33.481014786593398 ], [ -70.817303095467253, -33.482395693062927 ], [ -70.815762853711078, -33.484573274988001 ], [ -70.814647506704489, -33.486644633714604 ], [ -70.812841706463132, -33.487866204897379 ], [ -70.809442553355211, -33.488662881330754 ], [ -70.807530529915368, -33.48876910452924 ], [ -70.806202736511693, -33.489247110389215 ], [ -70.805772368042994, -33.489359070334729 ], [ -70.805330821375833, -33.489477948208219 ], [ -70.80460057269795, -33.489554370047749 ], [ -70.80424393907704, -33.48979212481732 ], [ -70.803972218502338, -33.489927985104586 ], [ -70.803615584881243, -33.490038371771334 ], [ -70.803377830111756, -33.490216689070856 ], [ -70.803224986433065, -33.490437461426609 ], [ -70.802803035836291, -33.490627287420736 ], [ -70.802597050735301, -33.490528116108862 ], [ -70.802360535815069, -33.490459443326813 ], [ -70.8022232058957, -33.490459444304634 ], [ -70.802055348112674, -33.490470882597663 ], [ -70.801879893808746, -33.490474709703165 ], [ -70.801673879373936, -33.490539552446421 ], [ -70.801353458540348, -33.490669256510955 ], [ -70.801063535258777, -33.49076844542315 ], [ -70.800933832171893, -33.490879069695211 ], [ -70.800337955571308, -33.491193184702809 ], [ -70.799624688329345, -33.49144792286382 ], [ -70.798894439651463, -33.491566800737473 ], [ -70.798308541490201, -33.491897959760081 ], [ -70.797816048559582, -33.492220628553696 ], [ -70.797493379766024, -33.492373471254716 ], [ -70.797094290110806, -33.492509331542067 ], [ -70.796669726834978, -33.492806525737301 ], [ -70.796364041432938, -33.492976350852075 ], [ -70.796151759306213, -33.493086737518681 ], [ -70.795905512352022, -33.493222597806145 ], [ -70.795676248789405, -33.493324493266073 ], [ -70.795472457869323, -33.493392423898733 ], [ -70.795234702122173, -33.493316002059203 ], [ -70.795115824248398, -33.493188632978772 ], [ -70.794960036416796, -33.492946631628001 ], [ -70.794723504873787, -33.492885584700723 ], [ -70.794609082830391, -33.492908476931795 ], [ -70.79447048763916, -33.492984842058902 ], [ -70.794349674701209, -33.493053427816669 ], [ -70.794147819823252, -33.493154668151362 ], [ -70.794037433156575, -33.493273546025087 ], [ -70.793944029881175, -33.493536775392897 ], [ -70.793740238961277, -33.493715091714471 ], [ -70.793544940225956, -33.493893408036101 ], [ -70.793349640512872, -33.49409719895602 ], [ -70.793162832984592, -33.494224568036429 ], [ -70.792892455905701, -33.4942436321843 ], [ -70.792738268731057, -33.494530253438597 ], [ -70.792542969995736, -33.494801974013342 ], [ -70.792177845167942, -33.495184081254699 ], [ -70.791957072812068, -33.495472784243191 ], [ -70.791498543731166, -33.495990751772055 ], [ -70.791090962869021, -33.496398332634115 ], [ -70.790666399593363, -33.496780439875572 ], [ -70.790313724102759, -33.496929163109193 ], [ -70.790038045397694, -33.496975739588606 ], [ -70.789783307236689, -33.497043669243396 ], [ -70.789375726374601, -33.497111599876064 ], [ -70.789077752873482, -33.497245788127081 ], [ -70.788857758845779, -33.49736633705924 ], [ -70.788484142811171, -33.497485214932908 ], [ -70.788177488410156, -33.49757766387637 ], [ -70.78793334861291, -33.497791288521164 ], [ -70.787774969993961, -33.497913960605047 ] ] ] } },
{ "type": "Feature", "properties": { "CUA_CODIGO": "39462152", "CUA_SUP": 2.03, "COMUNA": "MAIPU", "UNIDAD": "25A. COM. MAIPU", "DESTACAMEN": "25A. COM. MAIPU", "PREFECTURA": "PREF. STGO. RINCONADA", "ZONA": "METROPOLITANA", "NUM_CUAD": "215B", "CUA_DESCRI": "Cuadrante 215B", "CUA_TIPO": "Urbano", "CUA_ESTADO": "1", "CUA_FTERMI": null, "UNI_CODIGO": "811110250000", "CUA_ANO": "2014", "COD_AUPOL": "3226", "COM_CODIGO": "13119", "SHAPE_LENG": 6.4040847069, "SHAPE_AREA": 2.0322513561900002, "COD_DESTAC": "811110250000", "TOOLTIP": "Cuadrante 215B&&25A. COM. MAIPU", "COD": "CONPCSP", "SUP_KM2": 0.0, "cuadrante": "215B", "equipo_asignado": "Móviles", "ranking_pcsp": 2, "Total_PCSP": 16, "Total_Meta_PCSP": 10, "Total_Complementario_PCSP": 6, "Puntaje_PCSP_Ponderado": 112 }, "geometry": { "type": "Polygon", "coordinates": [ [ [ -70.740122797516335, -33.475449644403504 ], [ -70.740158613182416, -33.475431455539642 ], [ -70.740227055566436, -33.475383563761454 ], [ -70.740408665017924, -33.475327746992377 ], [ -70.740895695171901, -33.475288205695847 ], [ -70.741471114307274, -33.475244587032471 ], [ -70.741656135018104, -33.475230762992439 ], [ -70.741850694518121, -33.47521740999241 ], [ -70.74204525401808, -33.475204056992368 ], [ -70.742260618610885, -33.475180366768647 ], [ -70.7424267430182, -33.47516209299237 ], [ -70.7426756141341, -33.475149041081515 ], [ -70.743044216697058, -33.47512474609124 ], [ -70.74339149301818, -33.475097998992389 ], [ -70.743489706297282, -33.475094992861663 ], [ -70.743925996018163, -33.475062897992409 ], [ -70.744280781018233, -33.475036191992324 ], [ -70.744509674518213, -33.475020931492267 ], [ -70.745002659315958, -33.474983730888766 ], [ -70.745387100018206, -33.474956074992349 ], [ -70.745547024024745, -33.4749415610139 ], [ -70.745748148740574, -33.474925252430012 ], [ -70.745967605707392, -33.474906855209895 ], [ -70.746513297433864, -33.474867289934139 ], [ -70.747034534160605, -33.474831162955645 ], [ -70.747651087728116, -33.474787566978875 ], [ -70.748489750777424, -33.474727411421092 ], [ -70.748719464018393, -33.474710245992291 ], [ -70.748835762018587, -33.474685201992258 ], [ -70.749045916190425, -33.474670327405867 ], [ -70.749647097491447, -33.474627776153405 ], [ -70.750670726518592, -33.474555489492211 ], [ -70.751091635483078, -33.47453427081205 ], [ -70.75138424772905, -33.474523137673657 ], [ -70.751536707018602, -33.474517336992385 ], [ -70.751880047518625, -33.474494445992256 ], [ -70.752223388018649, -33.474471554992078 ], [ -70.753428177684555, -33.474377452386989 ], [ -70.753834023018783, -33.474345752992122 ], [ -70.753879946518737, -33.474336939992213 ], [ -70.753925870018747, -33.474328126992191 ], [ -70.754208617222901, -33.474311915837802 ], [ -70.75487661912814, -33.474277377899334 ], [ -70.755468466402817, -33.474242453464903 ], [ -70.756506296068665, -33.474167620155576 ], [ -70.757063732505742, -33.474126325389982 ], [ -70.757438424502823, -33.474098568291424 ], [ -70.757540489518988, -33.474096150992004 ], [ -70.757603255018921, -33.474096644992066 ], [ -70.757795298019005, -33.474118832992019 ], [ -70.757930690504736, -33.474148623262181 ], [ -70.757984414019006, -33.474160443992105 ], [ -70.758223963518958, -33.474272203492021 ], [ -70.758430945718544, -33.474382108778798 ], [ -70.759666840679643, -33.472334921244574 ], [ -70.760948228718632, -33.470136089790735 ], [ -70.76153205687956, -33.469029091232422 ], [ -70.761865673111288, -33.468058572885916 ], [ -70.762184124657551, -33.466974320866647 ], [ -70.762608726067299, -33.465821830207922 ], [ -70.763010581916205, -33.464525277483631 ], [ -70.763394416818812, -33.463407633155498 ], [ -70.7632433379095, -33.463428512715545 ], [ -70.762971912623414, -33.463459265932151 ], [ -70.762765820386221, -33.463491110026439 ], [ -70.76262275173832, -33.463517012300024 ], [ -70.762547493771649, -33.463537880168758 ], [ -70.762472495708835, -33.463589604676365 ], [ -70.762307764191632, -33.463713262356919 ], [ -70.76225395055917, -33.463752860405911 ], [ -70.762188800972069, -33.463791867600321 ], [ -70.762085030899186, -33.463851733670367 ], [ -70.76198678626082, -33.463909185959942 ], [ -70.761957269612026, -33.463919726014282 ], [ -70.761664862243322, -33.463977602783984 ], [ -70.761457655746028, -33.464013519008454 ], [ -70.760797826758164, -33.464137539115995 ], [ -70.760558509067778, -33.464184212131492 ], [ -70.76032336692964, -33.464235796344731 ], [ -70.760251735928591, -33.464260676988424 ], [ -70.760200304600062, -33.464282077255859 ], [ -70.760124760648921, -33.464311850211516 ], [ -70.759997120770208, -33.464366079330823 ], [ -70.759929991775493, -33.464391413232931 ], [ -70.759794229220006, -33.464417979206118 ], [ -70.75929675304252, -33.464508935738422 ], [ -70.758660408051242, -33.464622645118709 ], [ -70.757875334079188, -33.464760323230095 ], [ -70.757403723302957, -33.464846037614322 ], [ -70.756959728908214, -33.464917422201033 ], [ -70.756663678385792, -33.464972887888173 ], [ -70.756299364823633, -33.465040959372452 ], [ -70.756059262025019, -33.465089575823065 ], [ -70.755971155444115, -33.465110331276605 ], [ -70.755891915279392, -33.465128890585497 ], [ -70.755821457893717, -33.465134437603922 ], [ -70.755751905226077, -33.465139972931134 ], [ -70.755634737053128, -33.465162103448108 ], [ -70.755555251373494, -33.46516853629862 ], [ -70.755459671426308, -33.465190210859362 ], [ -70.755228089704246, -33.465241158352512 ], [ -70.755110586983733, -33.465257292190074 ], [ -70.754738281146444, -33.465331210167051 ], [ -70.754144391350451, -33.465439270905271 ], [ -70.753959563582612, -33.465474687106955 ], [ -70.753811641294078, -33.465502477057328 ], [ -70.753601275945698, -33.46553734925152 ], [ -70.75351727340319, -33.465551274271661 ], [ -70.753324144893099, -33.465578351059882 ], [ -70.753134244049875, -33.46560538198252 ], [ -70.75297489137796, -33.465626570009931 ], [ -70.752767940287924, -33.46566372999694 ], [ -70.752657091651258, -33.465690427271106 ], [ -70.752617263375726, -33.465698170433939 ], [ -70.752571604795435, -33.465700013144904 ], [ -70.752528921172541, -33.465707795877847 ], [ -70.752480719309517, -33.465725231034348 ], [ -70.752333796167534, -33.465733291657834 ], [ -70.752160109201441, -33.465759679565323 ], [ -70.752057658433841, -33.465777881843394 ], [ -70.751884284431867, -33.465819822626429 ], [ -70.751750560639664, -33.465847522644808 ], [ -70.751706833802984, -33.465855685791048 ], [ -70.751577698351696, -33.465869770972979 ], [ -70.751481245163063, -33.465886223170344 ], [ -70.751372529718253, -33.465908506572134 ], [ -70.751188937619133, -33.465942035995909 ], [ -70.750995560896229, -33.46597355813298 ], [ -70.750737802607375, -33.466019537771224 ], [ -70.75060079179292, -33.466040101669194 ], [ -70.750325372617624, -33.46608931616867 ], [ -70.750035067863791, -33.466146800834046 ], [ -70.74962898708776, -33.466228608563256 ], [ -70.749413433982568, -33.466266725428724 ], [ -70.749121802728837, -33.466307655373782 ], [ -70.748974796849268, -33.466350347090611 ], [ -70.748771184042766, -33.466386284898988 ], [ -70.748522750823952, -33.466435844738157 ], [ -70.748433233206981, -33.466450008161011 ], [ -70.748325037570282, -33.466464072658695 ], [ -70.748246551037369, -33.466467269748478 ], [ -70.7481719909444, -33.466479814391676 ], [ -70.74802914532853, -33.466506905569084 ], [ -70.747818183262211, -33.466556898881485 ], [ -70.74771690521068, -33.466581945000428 ], [ -70.747599204639243, -33.466592662221323 ], [ -70.747486334326709, -33.466599193997411 ], [ -70.747414903874471, -33.466614199185692 ], [ -70.747292639243597, -33.466642273322066 ], [ -70.746928553209955, -33.466723134964404 ], [ -70.746332458276186, -33.46682764967607 ], [ -70.746067946078597, -33.4668662108067 ], [ -70.745914923734574, -33.466888869225784 ], [ -70.745846327945401, -33.466906610151739 ], [ -70.745760202571034, -33.466937645755529 ], [ -70.745662848261645, -33.466963247655592 ], [ -70.745560634915137, -33.466968415160075 ], [ -70.745476098642825, -33.466967741567835 ], [ -70.745400494436979, -33.466968807264429 ], [ -70.745296394312902, -33.466990775903341 ], [ -70.744946289139705, -33.467057214218805 ], [ -70.7428071680161, -33.46745995491267 ], [ -70.742116250364404, -33.467582726761165 ], [ -70.741417165969324, -33.467706352066216 ], [ -70.739953924933502, -33.467955040692345 ], [ -70.737871997994034, -33.46833932639845 ], [ -70.737466428932237, -33.468448490605105 ], [ -70.73732838376867, -33.468435567733877 ], [ -70.737278299753427, -33.468430879181589 ], [ -70.737278230635468, -33.46843208095634 ], [ -70.737196038765887, -33.469861176252145 ], [ -70.737167171427416, -33.47023534098787 ], [ -70.737130361276925, -33.470722089152844 ], [ -70.737114025091898, -33.470927373798929 ], [ -70.737105826872209, -33.471035824843227 ], [ -70.737100453422954, -33.471093307709786 ], [ -70.73709173539504, -33.471142173272426 ], [ -70.737085163149573, -33.471169106169157 ], [ -70.737080805034964, -33.471183411684827 ], [ -70.737076187915591, -33.471197059796275 ], [ -70.737069928633957, -33.471213755709982 ], [ -70.737060783428092, -33.471231634232311 ], [ -70.737041706109551, -33.471262855096413 ], [ -70.737024565930767, -33.471289430062939 ], [ -70.736967714388243, -33.471359387425636 ], [ -70.736895515915023, -33.471427290736642 ], [ -70.737457414147741, -33.472080384815335 ], [ -70.739275020239063, -33.474284991356221 ], [ -70.739434942667344, -33.474493392202234 ], [ -70.73970213187323, -33.474864843694668 ], [ -70.740122797516335, -33.475449644403504 ] ] ] } },
{ "type": "Feature", "properties": { "CUA_CODIGO": "3946803", "CUA_SUP": 14.08, "COMUNA": "MAIPU", "UNIDAD": "25A. COM. MAIPU", "DESTACAMEN": "25A. COM. MAIPU", "PREFECTURA": "PREF. STGO. RINCONADA", "ZONA": "METROPOLITANA", "NUM_CUAD": "SRC", "CUA_DESCRI": "Sector Rural C", "CUA_TIPO": "Rural", "CUA_ESTADO": "1", "CUA_FTERMI": null, "UNI_CODIGO": "811110250000", "CUA_ANO": "2014", "COD_AUPOL": "3226", "COM_CODIGO": "13119", "SHAPE_LENG": 17.153387039039998, "SHAPE_AREA": 14.08068865557, "COD_DESTAC": "811110250000", "TOOLTIP": "Sector Rural C&&25A. COM. MAIPU", "COD": "CONPCSP", "SUP_KM2": 0.0, "cuadrante": "SRC", "equipo_asignado": "Sin refuerzo", "ranking_pcsp": 23, "Total_PCSP": 0, "Total_Meta_PCSP": 0, "Total_Complementario_PCSP": 0, "Puntaje_PCSP_Ponderado": 0 }, "geometry": { "type": "Polygon", "coordinates": [ [ [ -70.759810382176227, -33.472088610419739 ], [ -70.762217018759486, -33.473312870206705 ], [ -70.763188301998753, -33.473825499667711 ], [ -70.764520356070761, -33.474568880309732 ], [ -70.765872880888764, -33.475313433999986 ], [ -70.76670786699998, -33.475764297999831 ], [ -70.766423151570848, -33.476380442464226 ], [ -70.76595000522849, -33.477333851796345 ], [ -70.765660548691699, -33.477889743308033 ], [ -70.765606826828844, -33.478048582370882 ], [ -70.765532422045339, -33.478240523836284 ], [ -70.765426055036357, -33.478435903179843 ], [ -70.765441860105511, -33.478513223499583 ], [ -70.765583709540124, -33.478663310820991 ], [ -70.765704441374339, -33.478649660335634 ], [ -70.765851503436863, -33.478642909708014 ], [ -70.766110685591741, -33.478659959067549 ], [ -70.766332162080062, -33.478679229431179 ], [ -70.766570319440063, -33.478699951174399 ], [ -70.76673785124207, -33.478677619637381 ], [ -70.766962991842888, -33.478647609002849 ], [ -70.766996256552488, -33.478643174906885 ], [ -70.767109073821416, -33.478662501924589 ], [ -70.767173046238895, -33.478673461204721 ], [ -70.767349835925359, -33.478703747502536 ], [ -70.767571699847281, -33.478698479963278 ], [ -70.767918055147618, -33.478690256724008 ], [ -70.768282161658931, -33.478681612031778 ], [ -70.76847139162237, -33.47867711929473 ], [ -70.768609143694448, -33.4786738487565 ], [ -70.768702016620352, -33.478690418179774 ], [ -70.768448200381272, -33.478810359214712 ], [ -70.768392544045639, -33.478873786427982 ], [ -70.768362603122739, -33.479221967226117 ], [ -70.768337847953546, -33.479509843275366 ], [ -70.768339137667567, -33.479748426255753 ], [ -70.768358988488387, -33.479849548533309 ], [ -70.768455299535333, -33.479860104013206 ], [ -70.768524105863719, -33.479881100492598 ], [ -70.768716737783279, -33.47993988276199 ], [ -70.768945200165206, -33.480061499927892 ], [ -70.769213272802972, -33.480204202784357 ], [ -70.769579390761294, -33.480332407240553 ], [ -70.770076031953579, -33.480506317349175 ], [ -70.770691123809797, -33.480733651661346 ], [ -70.770778077368618, -33.480774908968549 ], [ -70.7710118257815, -33.480885816793254 ], [ -70.771180098758236, -33.480965658147269 ], [ -70.771361760680236, -33.481040564802129 ], [ -70.771453705388012, -33.481075893272141 ], [ -70.771770955415604, -33.481196916381293 ], [ -70.771957110284006, -33.481266817086237 ], [ -70.772015048101309, -33.481288572597059 ], [ -70.772129433182727, -33.481357937316417 ], [ -70.772505152290989, -33.48158577865923 ], [ -70.772680903031358, -33.48165496989418 ], [ -70.773049636735095, -33.481800136510856 ], [ -70.773733418120742, -33.482066214382307 ], [ -70.773897207881248, -33.482129551224602 ], [ -70.773978779568154, -33.482171267002336 ], [ -70.774112270654541, -33.482239534371779 ], [ -70.774365171056559, -33.482368867690354 ], [ -70.774481863976007, -33.482425825749473 ], [ -70.775089703161541, -33.482688573811402 ], [ -70.77529730333913, -33.482789302643148 ], [ -70.77556836532824, -33.482928507117784 ], [ -70.775667540999919, -33.482979438999955 ], [ -70.776246003461949, -33.483112497689774 ], [ -70.776474900999929, -33.483165148999944 ], [ -70.777183605793368, -33.483452737765731 ], [ -70.77820059252906, -33.483865425760541 ], [ -70.780343743016033, -33.484744948841005 ], [ -70.782030253021276, -33.485453325755209 ], [ -70.783403657714246, -33.486025425743946 ], [ -70.783929481432722, -33.486242534606895 ], [ -70.78449487947637, -33.486469986899294 ], [ -70.784867517246084, -33.486615707534213 ], [ -70.785391125269427, -33.486820465344231 ], [ -70.785757760577951, -33.486963838706451 ], [ -70.786494798663057, -33.487251650296564 ], [ -70.786983248361537, -33.487439713936958 ], [ -70.78773634089049, -33.48772967075945 ], [ -70.788117769985547, -33.487876529165533 ], [ -70.788717602738643, -33.488107524257885 ], [ -70.789279763868535, -33.488324041795913 ], [ -70.789691067851606, -33.488482456387587 ], [ -70.790212556460347, -33.488683308818899 ], [ -70.790372181505177, -33.488744788739602 ], [ -70.790492149684837, -33.488790994735609 ], [ -70.790592575747951, -33.488829674044439 ], [ -70.790740865114415, -33.488943848121551 ], [ -70.791045926906691, -33.489062906492215 ], [ -70.791509914076869, -33.489243989662441 ], [ -70.792252481447122, -33.489533796067064 ], [ -70.792902330625793, -33.489787193851441 ], [ -70.793148415589371, -33.489882676150486 ], [ -70.793540964318026, -33.490034987183769 ], [ -70.794028543011621, -33.49022417035831 ], [ -70.794775217431948, -33.490513999052894 ], [ -70.796069183029715, -33.491020326514104 ], [ -70.796937459213495, -33.491361491593402 ], [ -70.79782431530748, -33.491709222478619 ], [ -70.798308541490201, -33.491897959760081 ], [ -70.798894439651463, -33.491566800737473 ], [ -70.799624688329345, -33.49144792286382 ], [ -70.800337955571308, -33.491193184702809 ], [ -70.800933832171893, -33.490879069695211 ], [ -70.801063535258777, -33.49076844542315 ], [ -70.801353458540348, -33.490669256510955 ], [ -70.801673879373936, -33.490539552446421 ], [ -70.801879893808746, -33.490474709703165 ], [ -70.802055348112674, -33.490470882597663 ], [ -70.8022232058957, -33.490459444304634 ], [ -70.802360535815069, -33.490459443326813 ], [ -70.802597050735301, -33.490528116108862 ], [ -70.802803035836291, -33.490627287420736 ], [ -70.803224986433065, -33.490437461426609 ], [ -70.803377830111756, -33.490216689070856 ], [ -70.803615584881243, -33.490038371771334 ], [ -70.803972218502338, -33.489927985104586 ], [ -70.80424393907704, -33.48979212481732 ], [ -70.80460057269795, -33.489554370047749 ], [ -70.805330821375833, -33.489477948208219 ], [ -70.805772368042994, -33.489359070334729 ], [ -70.806202736511693, -33.489247110389215 ], [ -70.807530529915368, -33.48876910452924 ], [ -70.809442553355211, -33.488662881330754 ], [ -70.812841706463132, -33.487866204897379 ], [ -70.814647506704489, -33.486644633714604 ], [ -70.815762853711078, -33.484573274988001 ], [ -70.817303095467253, -33.482395693062927 ], [ -70.818365330385745, -33.481014786593398 ], [ -70.81900267153236, -33.479315210528398 ], [ -70.819055783620513, -33.477774968772117 ], [ -70.818259107187259, -33.476553398567091 ], [ -70.818790224157567, -33.475225604185646 ], [ -70.819640012678974, -33.473844698693945 ], [ -70.821127142346938, -33.472092010540621 ], [ -70.822295601441851, -33.470817328247392 ], [ -70.824048289594941, -33.468692857432863 ], [ -70.824552176798193, -33.467517120663508 ], [ -70.823630000224171, -33.467720000177565 ], [ -70.822449999767343, -33.467569998656288 ], [ -70.818972280945729, -33.466575093065956 ], [ -70.818569998906142, -33.466459999629031 ], [ -70.81597999907757, -33.465870000299901 ], [ -70.813740001000042, -33.465189998619337 ], [ -70.811959998954649, -33.463609998602294 ], [ -70.810259998799779, -33.462449999067928 ], [ -70.809166364735745, -33.462233340695882 ], [ -70.808139999960815, -33.462029998585251 ], [ -70.806236524595761, -33.461363419286037 ], [ -70.805570000155129, -33.461129999349836 ], [ -70.805219999303176, -33.461459999279377 ], [ -70.805214386634361, -33.461470481777091 ], [ -70.804689999143932, -33.462449999067914 ], [ -70.804409999721372, -33.463200000379551 ], [ -70.804349999652459, -33.463780000146684 ], [ -70.804439999306339, -33.46474000035056 ], [ -70.79818999976851, -33.463869998900911 ], [ -70.795894804901195, -33.463608860060617 ], [ -70.796017574950838, -33.463136295103759 ], [ -70.796103722808311, -33.462788014654897 ], [ -70.796583944593181, -33.460819759324295 ], [ -70.79661450355627, -33.460700173773766 ], [ -70.795979814216878, -33.460772722083163 ], [ -70.795475256777365, -33.460830392008681 ], [ -70.795060503838897, -33.460877797072371 ], [ -70.794678770408723, -33.460921425882816 ], [ -70.794331683360156, -33.460961094079032 ], [ -70.794088209003405, -33.460988920002471 ], [ -70.793669426202712, -33.461036780123031 ], [ -70.777201796325642, -33.46291760606249 ], [ -70.775565550009958, -33.458174817213894 ], [ -70.771396227353875, -33.458519494978418 ], [ -70.768435740117184, -33.458694997675707 ], [ -70.764862763305757, -33.458898944130731 ], [ -70.764556759986192, -33.459725654015529 ], [ -70.763394416818812, -33.463407633155498 ], [ -70.763010581916205, -33.464525277483631 ], [ -70.762608726067299, -33.465821830207922 ], [ -70.762184124657551, -33.466974320866647 ], [ -70.761865673111288, -33.468058572885916 ], [ -70.76153205687956, -33.469029091232422 ], [ -70.760948228718632, -33.470136089790735 ], [ -70.759810382176227, -33.472088610419739 ] ] ] } },
{ "type": "Feature", "properties": { "CUA_CODIGO": "3958219", "CUA_SUP": 2.73, "COMUNA": "MAIPU", "UNIDAD": "52A. COM. RINCONADA DE MAIPU", "DESTACAMEN": "52A. COM. RINCONADA DE MAIPU", "PREFECTURA": "PREF. STGO. RINCONADA", "ZONA": "METROPOLITANA", "NUM_CUAD": "219", "CUA_DESCRI": "Cuadrante 219", "CUA_TIPO": "Urbano", "CUA_ESTADO": "1", "CUA_FTERMI": null, "UNI_CODIGO": "811110520000", "CUA_ANO": "2014", "COD_AUPOL": "3226", "COM_CODIGO": "13119", "SHAPE_LENG": 8.1563825825199991, "SHAPE_AREA": 2.7295974090300001, "COD_DESTAC": "811110520000", "TOOLTIP": "Cuadrante 219&&52A. COM. RINCONADA DE MAIPU", "COD": "CONPCSP", "SUP_KM2": 0.0, "cuadrante": "219", "equipo_asignado": "Motoristas", "ranking_pcsp": 7, "Total_PCSP": 10, "Total_Meta_PCSP": 7, "Total_Complementario_PCSP": 3, "Puntaje_PCSP_Ponderado": 76 }, "geometry": { "type": "Polygon", "coordinates": [ [ [ -70.775784445881015, -33.504638741850165 ], [ -70.775738675108073, -33.505519957810463 ], [ -70.775700530189866, -33.506000621328155 ], [ -70.775677643825475, -33.506397359376706 ], [ -70.775670017970867, -33.506809355979215 ], [ -70.775662389182742, -33.506900911214352 ], [ -70.775608987666146, -33.507713461237188 ], [ -70.775586102279647, -33.508213198680778 ], [ -70.775578476424869, -33.508598491591606 ], [ -70.775555589082785, -33.508842638233439 ], [ -70.775540334439995, -33.509353819836967 ], [ -70.775525078819442, -33.509853557280579 ], [ -70.775525081752789, -33.510204517711422 ], [ -70.775509826132307, -33.510627959451767 ], [ -70.775502199299694, -33.511005622596592 ], [ -70.775486944656905, -33.511547322285878 ], [ -70.775479318802255, -33.511970764026223 ], [ -70.77544880756102, -33.51292064592382 ], [ -70.77543355291823, -33.513450901453275 ], [ -70.775441184639817, -33.513649270477565 ], [ -70.775441187573108, -33.514011675068438 ], [ -70.775433558785039, -33.514156636709281 ], [ -70.775433564651792, -33.514751743782035 ], [ -70.77543356954078, -33.515308703003079 ], [ -70.775410684154394, -33.515804625074843 ], [ -70.775410690021147, -33.516445509765163 ], [ -70.775395438311762, -33.517319095959635 ], [ -70.775380180735567, -33.518124017194395 ], [ -70.775372559769835, -33.518581790436656 ], [ -70.775359343838034, -33.519329972926641 ], [ -70.77535826825914, -33.519369295114977 ], [ -70.775349676339033, -33.519817780244175 ], [ -70.775311547065428, -33.521522991365032 ], [ -70.775334442229962, -33.522129541619961 ], [ -70.77534207590702, -33.522594945605988 ], [ -70.775364969115969, -33.523064164963714 ], [ -70.775372603770847, -33.52353338334381 ], [ -70.775380229625512, -33.524002605634955 ], [ -70.775389868768457, -33.524521782701179 ], [ -70.775383003641309, -33.524555195072189 ], [ -70.775232333089548, -33.524564887361123 ], [ -70.776367190640599, -33.524497989917272 ], [ -70.777175893024207, -33.524463662326347 ], [ -70.777473441182792, -33.524471273514102 ], [ -70.777862552398801, -33.524509428210422 ], [ -70.77797698910922, -33.524517054065136 ], [ -70.778694144080134, -33.524513241626664 ], [ -70.779228208136658, -33.524528507025195 ], [ -70.782020567517861, -33.524604802728554 ], [ -70.784141535856349, -33.524650584257351 ], [ -70.786918629838851, -33.524719225749827 ], [ -70.786894935812484, -33.524411738264064 ], [ -70.786739200781938, -33.523410589384973 ], [ -70.786594590170978, -33.522620792745663 ], [ -70.786538971006053, -33.5221202183061 ], [ -70.786405484814793, -33.521653015169981 ], [ -70.786316493368759, -33.521308174783201 ], [ -70.785693556179638, -33.517147841302631 ], [ -70.785426582819412, -33.515434762810727 ], [ -70.78508174243251, -33.513654941711991 ], [ -70.784803644652584, -33.51189736749695 ], [ -70.784469928685439, -33.509739333730231 ], [ -70.784102840437129, -33.507803777600998 ], [ -70.7841842915999, -33.507052615992968 ], [ -70.784186330426166, -33.507043033509824 ], [ -70.784194420593565, -33.507016859438686 ], [ -70.784202034868827, -33.506979977793158 ], [ -70.784205842006429, -33.506953327829933 ], [ -70.784196607459194, -33.506939036268591 ], [ -70.784196620077466, -33.506938919900051 ], [ -70.784138820521378, -33.506852220566024 ], [ -70.784324418479912, -33.506780836735793 ], [ -70.784390575147157, -33.50675933581897 ], [ -70.784393368976396, -33.50675753165234 ], [ -70.784429220955928, -33.506215482888869 ], [ -70.784453403881628, -33.506173113878724 ], [ -70.784474788346756, -33.505844160770664 ], [ -70.784528189863408, -33.505111721823013 ], [ -70.784527673868411, -33.505111811353913 ], [ -70.784526619127405, -33.505111478277954 ], [ -70.784513698654166, -33.505109193995395 ], [ -70.784496780686425, -33.505106267258327 ], [ -70.784343828932947, -33.505080462003725 ], [ -70.784384041824012, -33.504040280624508 ], [ -70.784412595356002, -33.502978089231007 ], [ -70.784434010505038, -33.50225473308484 ], [ -70.784445907810209, -33.501770274823848 ], [ -70.784450666732198, -33.501710788298737 ], [ -70.784383628931721, -33.50169138261964 ], [ -70.784430146931641, -33.498501276225227 ], [ -70.783941313902915, -33.498402272116998 ], [ -70.783194082811349, -33.498173008554318 ], [ -70.78263365827047, -33.497994691254981 ], [ -70.782005305052621, -33.497790901312776 ], [ -70.781215616949126, -33.497553145565512 ], [ -70.780519332120832, -33.497391811657607 ], [ -70.779330554362105, -33.497001213209266 ], [ -70.777946477868056, -33.496542684128379 ], [ -70.77733510608607, -33.496347385393051 ], [ -70.776715244075035, -33.496160576886837 ], [ -70.776171802925603, -33.49608415602524 ], [ -70.775543448729991, -33.4960671736115 ], [ -70.775031630579292, -33.496027802533199 ], [ -70.774821978731836, -33.496885765454635 ], [ -70.774820534522746, -33.496919741037857 ], [ -70.774868806505594, -33.497283839176589 ], [ -70.774937479287701, -33.497829353260045 ], [ -70.77505193262067, -33.498611383241503 ], [ -70.77517401767517, -33.499496413595857 ], [ -70.775227428969856, -33.499855002814847 ], [ -70.775265580732651, -33.500186889319984 ], [ -70.775311362261448, -33.500530219985073 ], [ -70.775336159245057, -33.50069040106785 ], [ -70.775364774533841, -33.500900253364073 ], [ -70.775441077081837, -33.501377101509938 ], [ -70.775452752980129, -33.501473670898513 ], [ -70.775471598100978, -33.501617432779938 ], [ -70.775509749863886, -33.501907357039322 ], [ -70.775563161158573, -33.502281205790098 ], [ -70.775570791902226, -33.502365130281468 ], [ -70.775608229871864, -33.502619295452341 ], [ -70.775608943665134, -33.502700831180732 ], [ -70.775674108104226, -33.503281822746594 ], [ -70.775785177274713, -33.504404102348417 ], [ -70.775790981489877, -33.504504363906108 ], [ -70.775784445881015, -33.504638741850165 ] ] ] } },
{ "type": "Feature", "properties": { "CUA_CODIGO": "39462161", "CUA_SUP": 2.28, "COMUNA": "MAIPU", "UNIDAD": "25A. COM. MAIPU", "DESTACAMEN": "25A. COM. MAIPU", "PREFECTURA": "PREF. STGO. RINCONADA", "ZONA": "METROPOLITANA", "NUM_CUAD": "216A", "CUA_DESCRI": "Cuadrante 216A", "CUA_TIPO": "Urbano", "CUA_ESTADO": "1", "CUA_FTERMI": null, "UNI_CODIGO": "811110250000", "CUA_ANO": "2014", "COD_AUPOL": "3226", "COM_CODIGO": "13119", "SHAPE_LENG": 7.4159545446199999, "SHAPE_AREA": 2.28288288769, "COD_DESTAC": "811110250000", "TOOLTIP": "Cuadrante 216A&&25A. COM. MAIPU", "COD": "CONPCSP", "SUP_KM2": 0.0, "cuadrante": "216A", "equipo_asignado": "Sin refuerzo", "ranking_pcsp": 18, "Total_PCSP": 2, "Total_Meta_PCSP": 1, "Total_Complementario_PCSP": 1, "Puntaje_PCSP_Ponderado": 12 }, "geometry": { "type": "Polygon", "coordinates": [ [ [ -70.76239402714566, -33.493047831807807 ], [ -70.763426407579573, -33.493256563611276 ], [ -70.764343464763726, -33.49348582717397 ], [ -70.764700097406887, -33.49350280958776 ], [ -70.764946344361078, -33.493519792979157 ], [ -70.765336942809427, -33.49359621384081 ], [ -70.765761506085198, -33.493655653266558 ], [ -70.76616908694723, -33.493732074128218 ], [ -70.766865371775509, -33.493842460794994 ], [ -70.767417304131584, -33.493961338668726 ], [ -70.768156044016393, -33.494088707749142 ], [ -70.768750433384639, -33.494173619817616 ], [ -70.769302365740771, -33.494317972289537 ], [ -70.770083562637637, -33.494513271024843 ], [ -70.770728899246933, -33.494640640105388 ], [ -70.771000619821621, -33.494700078553372 ], [ -70.771527078557313, -33.494810465220141 ], [ -70.772104484534168, -33.494988782519492 ], [ -70.772715856316154, -33.495226537289064 ], [ -70.773446104994036, -33.495532223668931 ], [ -70.774592426718527, -33.495897347519026 ], [ -70.774991516373689, -33.496024716599443 ], [ -70.775031630579235, -33.496027802533142 ], [ -70.775543448729934, -33.4960671736115 ], [ -70.776171802925546, -33.496084156025177 ], [ -70.776715244074978, -33.496160576886837 ], [ -70.777335106086014, -33.496347385392994 ], [ -70.777946477868056, -33.496542684128308 ], [ -70.779330554362048, -33.497001213209217 ], [ -70.780519332120775, -33.497391811657572 ], [ -70.781215616949055, -33.497553145565512 ], [ -70.782005305052621, -33.497790901312776 ], [ -70.782633658270413, -33.497994691254917 ], [ -70.783194082811349, -33.498173008554254 ], [ -70.783941313902915, -33.498402272116948 ], [ -70.784430146931641, -33.49850127622517 ], [ -70.78461212413265, -33.498538132404349 ], [ -70.785164056489009, -33.498741923324133 ], [ -70.785665041604204, -33.498835327577346 ], [ -70.785962235799389, -33.498843818784223 ], [ -70.78630188700663, -33.498750414531166 ], [ -70.786633046029351, -33.498631536657285 ], [ -70.786862310569745, -33.498470202749452 ], [ -70.787201961776987, -33.498291885450165 ], [ -70.787544253041744, -33.49809266182951 ], [ -70.78793334861291, -33.497791288521164 ], [ -70.788177488410156, -33.49757766387637 ], [ -70.788484142811171, -33.497485214932908 ], [ -70.788857758845779, -33.49736633705924 ], [ -70.789077752873482, -33.497245788127081 ], [ -70.789375726374601, -33.497111599876064 ], [ -70.789783307236689, -33.497043669243396 ], [ -70.790038045397694, -33.496975739588606 ], [ -70.790313724102759, -33.496929163109193 ], [ -70.790666399593363, -33.496780439875572 ], [ -70.791090962869021, -33.496398332634115 ], [ -70.791498543731166, -33.495990751772055 ], [ -70.791957072812068, -33.495472784243191 ], [ -70.792177845167942, -33.495184081254699 ], [ -70.792542969995736, -33.494801974013342 ], [ -70.792738268731057, -33.494530253438597 ], [ -70.792892455905701, -33.4942436321843 ], [ -70.793162832984592, -33.494224568036429 ], [ -70.793349640512872, -33.49409719895602 ], [ -70.793544940225956, -33.493893408036101 ], [ -70.793740238961277, -33.493715091714471 ], [ -70.793944029881175, -33.493536775392897 ], [ -70.794037433156575, -33.493273546025087 ], [ -70.794147819823252, -33.493154668151362 ], [ -70.794349674701209, -33.493053427816669 ], [ -70.79447048763916, -33.492984842058902 ], [ -70.794609082830391, -33.492908476931795 ], [ -70.794723504873787, -33.492885584700723 ], [ -70.794960036416796, -33.492946631628001 ], [ -70.795115824248398, -33.493188632978772 ], [ -70.795234702122173, -33.493316002059203 ], [ -70.795472457869323, -33.493392423898733 ], [ -70.795676248789405, -33.493324493266073 ], [ -70.795905512352022, -33.493222597806145 ], [ -70.796151759306213, -33.493086737518681 ], [ -70.796364041432938, -33.492976350852075 ], [ -70.796669726834978, -33.492806525737301 ], [ -70.797094290110806, -33.492509331542067 ], [ -70.797493379766024, -33.492373471254716 ], [ -70.797816048559582, -33.492220628553696 ], [ -70.798308541490201, -33.491897959760081 ], [ -70.79782431530748, -33.491709222478619 ], [ -70.796937459213495, -33.491361491593402 ], [ -70.796069183029715, -33.491020326514104 ], [ -70.794775217431948, -33.490513999052894 ], [ -70.794028543011621, -33.49022417035831 ], [ -70.793540964318026, -33.490034987183769 ], [ -70.793148415589371, -33.489882676150486 ], [ -70.792902330625793, -33.489787193851441 ], [ -70.792252481447122, -33.489533796067064 ], [ -70.791509914076869, -33.489243989662441 ], [ -70.791045926906691, -33.489062906492215 ], [ -70.790740865114415, -33.488943848121551 ], [ -70.790592575747951, -33.488829674044439 ], [ -70.790492149684837, -33.488790994735609 ], [ -70.790372181505177, -33.488744788739602 ], [ -70.790212556460347, -33.488683308818899 ], [ -70.789691067851606, -33.488482456387587 ], [ -70.789279763868535, -33.488324041795913 ], [ -70.788717602738643, -33.488107524257885 ], [ -70.788117769985547, -33.487876529165533 ], [ -70.78773634089049, -33.48772967075945 ], [ -70.786983248361537, -33.487439713936958 ], [ -70.786494798663057, -33.487251650296564 ], [ -70.785757760577951, -33.486963838706451 ], [ -70.785391125269427, -33.486820465344231 ], [ -70.784867517246084, -33.486615707534213 ], [ -70.78449487947637, -33.486469986899294 ], [ -70.783929481432722, -33.486242534606895 ], [ -70.783868047271994, -33.486217170258449 ], [ -70.780694302003553, -33.487237949343069 ], [ -70.778206878000049, -33.488037037400147 ], [ -70.775108218183675, -33.48901382710136 ], [ -70.773113960995147, -33.48964194602371 ], [ -70.771200914176575, -33.49024257773447 ], [ -70.76982981050179, -33.490673057708989 ], [ -70.768008369854329, -33.491252223750799 ], [ -70.766411057573862, -33.491761951314679 ], [ -70.766075123985786, -33.491869153025846 ], [ -70.76447730106554, -33.492512639811366 ], [ -70.763890696019359, -33.492775209991798 ], [ -70.76239402714566, -33.493047831807807 ] ] ] } },
{ "type": "Feature", "properties": { "CUA_CODIGO": "39462162", "CUA_SUP": 3.54, "COMUNA": "MAIPU", "UNIDAD": "25A. COM. MAIPU", "DESTACAMEN": "25A. COM. MAIPU", "PREFECTURA": "PREF. STGO. RINCONADA", "ZONA": "METROPOLITANA", "NUM_CUAD": "216B", "CUA_DESCRI": "Cuadrante 216B", "CUA_TIPO": "Urbano", "CUA_ESTADO": "1", "CUA_FTERMI": null, "UNI_CODIGO": "811110250000", "CUA_ANO": "2014", "COD_AUPOL": "3226", "COM_CODIGO": "13119", "SHAPE_LENG": 8.6230064254100007, "SHAPE_AREA": 3.5356410383000001, "COD_DESTAC": "811110250000", "TOOLTIP": "Cuadrante 216B&&25A. COM. MAIPU", "COD": "CONPCSP", "SUP_KM2": 0.0, "cuadrante": "216B", "equipo_asignado": "Sin refuerzo", "ranking_pcsp": 13, "Total_PCSP": 8, "Total_Meta_PCSP": 3, "Total_Complementario_PCSP": 5, "Puntaje_PCSP_Ponderado": 40 }, "geometry": { "type": "Polygon", "coordinates": [ [ [ -70.76239402714566, -33.493047831807807 ], [ -70.763890696019359, -33.492775209991798 ], [ -70.76447730106554, -33.492512639811366 ], [ -70.766075123985786, -33.491869153025846 ], [ -70.766411057573862, -33.491761951314679 ], [ -70.768008369854329, -33.491252223750799 ], [ -70.76982981050179, -33.490673057708989 ], [ -70.771200914176575, -33.49024257773447 ], [ -70.773113960995147, -33.48964194602371 ], [ -70.775108218183675, -33.48901382710136 ], [ -70.778206878000049, -33.488037037400147 ], [ -70.780694302003553, -33.487237949343069 ], [ -70.783868047271994, -33.486217170258449 ], [ -70.783403657714246, -33.486025425743946 ], [ -70.782030253021276, -33.485453325755209 ], [ -70.780343743016033, -33.484744948841005 ], [ -70.77820059252906, -33.483865425760541 ], [ -70.777183605793368, -33.483452737765731 ], [ -70.776474900999929, -33.483165148999944 ], [ -70.776246003461949, -33.483112497689774 ], [ -70.775667540999919, -33.482979438999955 ], [ -70.77556836532824, -33.482928507117784 ], [ -70.77529730333913, -33.482789302643148 ], [ -70.775089703161541, -33.482688573811402 ], [ -70.774481863976007, -33.482425825749473 ], [ -70.774365171056559, -33.482368867690354 ], [ -70.774112270654541, -33.482239534371779 ], [ -70.773978779568154, -33.482171267002336 ], [ -70.773897207881248, -33.482129551224602 ], [ -70.773733418120742, -33.482066214382307 ], [ -70.773049636735095, -33.481800136510856 ], [ -70.772680903031358, -33.48165496989418 ], [ -70.772505152290989, -33.48158577865923 ], [ -70.772129433182727, -33.481357937316417 ], [ -70.772015048101309, -33.481288572597059 ], [ -70.771957110284006, -33.481266817086237 ], [ -70.771770955415604, -33.481196916381293 ], [ -70.771453705388012, -33.481075893272141 ], [ -70.771361760680236, -33.481040564802129 ], [ -70.771180098758236, -33.480965658147269 ], [ -70.7710118257815, -33.480885816793254 ], [ -70.770778077368618, -33.480774908968549 ], [ -70.770691123809797, -33.480733651661346 ], [ -70.770076031953579, -33.480506317349175 ], [ -70.769579390761294, -33.480332407240553 ], [ -70.769213272802972, -33.480204202784357 ], [ -70.768945200165206, -33.480061499927892 ], [ -70.768716737783279, -33.47993988276199 ], [ -70.768524105863719, -33.479881100492598 ], [ -70.768455299535333, -33.479860104013206 ], [ -70.768358988488387, -33.479849548533309 ], [ -70.768339137667567, -33.479748426255753 ], [ -70.768337847953546, -33.479509843275366 ], [ -70.768362603122739, -33.479221967226117 ], [ -70.768392544045639, -33.478873786427982 ], [ -70.768448200381272, -33.478810359214712 ], [ -70.768702016620352, -33.478690418179774 ], [ -70.768609143694448, -33.4786738487565 ], [ -70.76847139162237, -33.47867711929473 ], [ -70.768282161658931, -33.478681612031778 ], [ -70.767918055147618, -33.478690256724008 ], [ -70.767571699847281, -33.478698479963278 ], [ -70.767349835925359, -33.478703747502536 ], [ -70.767173046238895, -33.478673461204721 ], [ -70.767109073821416, -33.478662501924589 ], [ -70.766996256552488, -33.478643174906885 ], [ -70.766962991842888, -33.478647609002849 ], [ -70.76673785124207, -33.478677619637381 ], [ -70.766570319440063, -33.478699951174399 ], [ -70.766332162080062, -33.478679229431179 ], [ -70.766110685591741, -33.478659959067549 ], [ -70.765851503436863, -33.478642909708014 ], [ -70.765704441374339, -33.478649660335634 ], [ -70.765583709540124, -33.478663310820991 ], [ -70.765441860105511, -33.478513223499583 ], [ -70.765426055036357, -33.478435903179843 ], [ -70.765532422045339, -33.478240523836284 ], [ -70.765606826828844, -33.478048582370882 ], [ -70.765660548691699, -33.477889743308033 ], [ -70.76595000522849, -33.477333851796345 ], [ -70.766423151570848, -33.476380442464226 ], [ -70.76670786699998, -33.475764297999831 ], [ -70.765872880888764, -33.475313433999986 ], [ -70.764520356070761, -33.474568880309732 ], [ -70.763188301998753, -33.473825499667711 ], [ -70.762217018759486, -33.473312870206705 ], [ -70.759810382176227, -33.472088610419739 ], [ -70.759666840679643, -33.472334921244574 ], [ -70.758430945718544, -33.474382108778798 ], [ -70.756960003513711, -33.476785659083816 ], [ -70.755390492321112, -33.479462167857079 ], [ -70.753002106701445, -33.483738516215517 ], [ -70.751796540133171, -33.485853944344797 ], [ -70.751098980254994, -33.487097421159483 ], [ -70.750454495308475, -33.488280241188704 ], [ -70.750158776612025, -33.488819491491427 ], [ -70.750269353949705, -33.48893006882912 ], [ -70.75085215737721, -33.489393322634882 ], [ -70.751285523777653, -33.489781857927362 ], [ -70.751699963899966, -33.490123284817678 ], [ -70.752370774129815, -33.490462935047056 ], [ -70.752897232865507, -33.490607287519204 ], [ -70.753177444647235, -33.490726164415037 ], [ -70.753381235567076, -33.490879008093827 ], [ -70.753720886774317, -33.491159219875314 ], [ -70.753846941693041, -33.491216766282214 ], [ -70.754111485222779, -33.491337536197086 ], [ -70.754586995739487, -33.491626239185393 ], [ -70.75530875418832, -33.491863994932594 ], [ -70.755767282291458, -33.491982872806382 ], [ -70.756157880739636, -33.492169680334655 ], [ -70.756624900049701, -33.492322523035789 ], [ -70.75728721907268, -33.492398944875163 ], [ -70.758017468728397, -33.492483857921506 ], [ -70.759010946774083, -33.49261122700198 ], [ -70.759724214016046, -33.49266217424298 ], [ -70.760590322981216, -33.492781052116754 ], [ -70.761244150797495, -33.492857473956185 ], [ -70.761872504992994, -33.492942386024644 ], [ -70.76239402714566, -33.493047831807807 ] ] ] } },
{ "type": "Feature", "properties": { "CUA_CODIGO": "39582202", "CUA_SUP": 1.55, "COMUNA": "MAIPU", "UNIDAD": "52A. COM. RINCONADA DE MAIPU", "DESTACAMEN": "52A. COM. RINCONADA DE MAIPU", "PREFECTURA": "PREF. STGO. RINCONADA", "ZONA": "METROPOLITANA", "NUM_CUAD": "220B", "CUA_DESCRI": "Cuadrante 220B", "CUA_TIPO": "Urbano", "CUA_ESTADO": "1", "CUA_FTERMI": null, "UNI_CODIGO": "811110520000", "CUA_ANO": "2014", "COD_AUPOL": "3226", "COM_CODIGO": "13119", "SHAPE_LENG": 4.90625711694, "SHAPE_AREA": 1.5490174086799999, "COD_DESTAC": "811110520000", "TOOLTIP": "Cuadrante 220B&&52A. COM. RINCONADA DE MAIPU", "COD": "CONPCSP", "SUP_KM2": 0.0, "cuadrante": "220B", "equipo_asignado": "Móviles", "ranking_pcsp": 5, "Total_PCSP": 16, "Total_Meta_PCSP": 7, "Total_Complementario_PCSP": 9, "Puntaje_PCSP_Ponderado": 88 }, "geometry": { "type": "Polygon", "coordinates": [ [ [ -70.785039412691788, -33.513387418322729 ], [ -70.785081742432453, -33.513654941711884 ], [ -70.785426582819298, -33.515434762810727 ], [ -70.785693556179581, -33.517147841302567 ], [ -70.786316493368702, -33.521308174783151 ], [ -70.78640548481475, -33.521653015169981 ], [ -70.786538971005996, -33.522120218306036 ], [ -70.786594590170921, -33.522620792745663 ], [ -70.786739200781881, -33.52341058938493 ], [ -70.786894935812427, -33.524411738264007 ], [ -70.786918629838851, -33.524719225749827 ], [ -70.789492610516049, -33.524788230983511 ], [ -70.795573657136515, -33.524920976980816 ], [ -70.798324581305508, -33.5250015378437 ], [ -70.79901123774664, -33.524959555064122 ], [ -70.799029746763097, -33.524406580119077 ], [ -70.799050915300256, -33.523807174354886 ], [ -70.79907576196257, -33.523125992539391 ], [ -70.799085226927119, -33.52286650651223 ], [ -70.799105140154097, -33.521299531489944 ], [ -70.799135283993792, -33.520175281369404 ], [ -70.799172791489468, -33.518867898564615 ], [ -70.799197137739725, -33.51791978742375 ], [ -70.799245641140487, -33.516069311941408 ], [ -70.799242854356976, -33.515057440863707 ], [ -70.799243702660192, -33.514825733641764 ], [ -70.798589512021479, -33.514447907990814 ], [ -70.7985686440216, -33.514422006990962 ], [ -70.798332625182979, -33.514236733931348 ], [ -70.797788000011735, -33.513806730455038 ], [ -70.797699152021607, -33.513751457990907 ], [ -70.797634110021477, -33.513731218990927 ], [ -70.79731696708609, -33.513708648442041 ], [ -70.796468817649441, -33.513655726808103 ], [ -70.795456607437075, -33.513584156234579 ], [ -70.794259600832504, -33.513500421326746 ], [ -70.793222741710451, -33.513423589803317 ], [ -70.792013516598161, -33.513336532310348 ], [ -70.790824125021004, -33.513254567990948 ], [ -70.790738911020981, -33.513248623991046 ], [ -70.790490943020984, -33.513229551491129 ], [ -70.789903972640843, -33.513187102712941 ], [ -70.789482033936338, -33.513161991295362 ], [ -70.78932739902092, -33.513153262991061 ], [ -70.788969624939966, -33.513122724474378 ], [ -70.788663157156179, -33.51309728700334 ], [ -70.787916953119236, -33.513046794322513 ], [ -70.78764632507739, -33.513028132520851 ], [ -70.787183837416706, -33.512997019395577 ], [ -70.786236494585751, -33.512930302608645 ], [ -70.786115660020812, -33.512921652991103 ], [ -70.786076804020809, -33.512921398991232 ], [ -70.786041948020738, -33.51292678399124 ], [ -70.785999251020769, -33.512939329991241 ], [ -70.785949632020674, -33.512968504491319 ], [ -70.785922021422493, -33.512984738704013 ], [ -70.78587391402074, -33.513021565991252 ], [ -70.785847815020702, -33.513045452991314 ], [ -70.785794812781205, -33.513107409743668 ], [ -70.78577279102052, -33.513133151991212 ], [ -70.78570970729595, -33.513222158063911 ], [ -70.78564983402066, -33.513305878991268 ], [ -70.785470285475654, -33.513330217127752 ], [ -70.785039412691788, -33.513387418322729 ] ] ] } },
{ "type": "Feature", "properties": { "CUA_CODIGO": "39582201", "CUA_SUP": 2.13, "COMUNA": "MAIPU", "UNIDAD": "52A. COM. RINCONADA DE MAIPU", "DESTACAMEN": "52A. COM. RINCONADA DE MAIPU", "PREFECTURA": "PREF. STGO. RINCONADA", "ZONA": "METROPOLITANA", "NUM_CUAD": "220A", "CUA_DESCRI": "Cuadrante 220A", "CUA_TIPO": "Urbano", "CUA_ESTADO": "1", "CUA_FTERMI": null, "UNI_CODIGO": "811110520000", "CUA_ANO": "2014", "COD_AUPOL": "3226", "COM_CODIGO": "13119", "SHAPE_LENG": 5.9621052993800001, "SHAPE_AREA": 2.1283297936, "COD_DESTAC": "811110520000", "TOOLTIP": "Cuadrante 220A&&52A. COM. RINCONADA DE MAIPU", "COD": "CONPCSP", "SUP_KM2": 0.0, "cuadrante": "220A", "equipo_asignado": "Sin refuerzo", "ranking_pcsp": 14, "Total_PCSP": 7, "Total_Meta_PCSP": 3, "Total_Complementario_PCSP": 4, "Puntaje_PCSP_Ponderado": 38 }, "geometry": { "type": "Polygon", "coordinates": [ [ [ -70.785039412691788, -33.513387418322729 ], [ -70.785470285475654, -33.513330217127752 ], [ -70.78564983402066, -33.513305878991268 ], [ -70.78570970729595, -33.513222158063911 ], [ -70.78577279102052, -33.513133151991212 ], [ -70.785794812781205, -33.513107409743668 ], [ -70.785847815020702, -33.513045452991314 ], [ -70.78587391402074, -33.513021565991252 ], [ -70.785922021422493, -33.512984738704013 ], [ -70.785949632020674, -33.512968504491319 ], [ -70.785999251020769, -33.512939329991241 ], [ -70.786041948020738, -33.51292678399124 ], [ -70.786076804020809, -33.512921398991232 ], [ -70.786115660020812, -33.512921652991103 ], [ -70.786236494585751, -33.512930302608645 ], [ -70.787183837416706, -33.512997019395577 ], [ -70.78764632507739, -33.513028132520851 ], [ -70.787916953119236, -33.513046794322513 ], [ -70.788663157156179, -33.51309728700334 ], [ -70.788969624939966, -33.513122724474378 ], [ -70.78932739902092, -33.513153262991061 ], [ -70.789482033936338, -33.513161991295362 ], [ -70.789903972640843, -33.513187102712941 ], [ -70.790490943020984, -33.513229551491129 ], [ -70.790738911020981, -33.513248623991046 ], [ -70.790824125021004, -33.513254567990948 ], [ -70.792013516598161, -33.513336532310348 ], [ -70.793222741710451, -33.513423589803317 ], [ -70.794259600832504, -33.513500421326746 ], [ -70.795456607437075, -33.513584156234579 ], [ -70.796468817649441, -33.513655726808103 ], [ -70.79731696708609, -33.513708648442041 ], [ -70.797634110021477, -33.513731218990927 ], [ -70.797699152021607, -33.513751457990907 ], [ -70.797788000011735, -33.513806730455038 ], [ -70.798332625182979, -33.514236733931348 ], [ -70.7985686440216, -33.514422006990962 ], [ -70.798589512021479, -33.514447907990814 ], [ -70.799243702660192, -33.514825733641764 ], [ -70.799245401932922, -33.514361590903206 ], [ -70.799251742797196, -33.513287605339436 ], [ -70.799245914258222, -33.512692913818007 ], [ -70.799238161067251, -33.511901848173352 ], [ -70.799234486653575, -33.511526944170377 ], [ -70.799224848890788, -33.511003737973162 ], [ -70.799214118392001, -33.510581354002454 ], [ -70.799207233293558, -33.510310336295049 ], [ -70.799201410360922, -33.510081128556251 ], [ -70.799204363461456, -33.509810583574271 ], [ -70.799218159239388, -33.508609096836153 ], [ -70.799231074684201, -33.508219198247609 ], [ -70.799238177152858, -33.508004784995592 ], [ -70.799234666856535, -33.507728695104447 ], [ -70.799225440148518, -33.50700300117586 ], [ -70.799211225257295, -33.506152408372145 ], [ -70.79920078373766, -33.5056479714492 ], [ -70.799171451892619, -33.505225742616808 ], [ -70.799141144019927, -33.504789463969367 ], [ -70.799135874276374, -33.50471360656411 ], [ -70.799009643235308, -33.50411894272326 ], [ -70.798951778603339, -33.503800060550077 ], [ -70.798907431698353, -33.503663318163142 ], [ -70.798830091359946, -33.503424841488147 ], [ -70.798740260581951, -33.503219584820719 ], [ -70.798578983422658, -33.502851078468893 ], [ -70.798501017869569, -33.502720999373935 ], [ -70.798334231143428, -33.502442729477195 ], [ -70.798213202900797, -33.502240803836287 ], [ -70.798051873161455, -33.502014090659429 ], [ -70.797890543422113, -33.501787377482572 ], [ -70.79758346773491, -33.501436977103367 ], [ -70.797498141077881, -33.501344562406757 ], [ -70.797093734543409, -33.500963557865695 ], [ -70.796893207615881, -33.500798587581869 ], [ -70.796676853726069, -33.500625077531197 ], [ -70.796463421039334, -33.500453910207511 ], [ -70.796200623367724, -33.500284241835175 ], [ -70.795993026299129, -33.500159257360117 ], [ -70.795664314730232, -33.499974505317937 ], [ -70.795210513307666, -33.499745934103707 ], [ -70.795039520505327, -33.499664486396 ], [ -70.794950223773355, -33.499630155240872 ], [ -70.794540500513961, -33.499472632423775 ], [ -70.79429689905362, -33.499398616351641 ], [ -70.793579955679093, -33.49920115075809 ], [ -70.793251565421428, -33.499115505225795 ], [ -70.79301600216462, -33.499066932622604 ], [ -70.792823407825495, -33.499027220111763 ], [ -70.791522871795678, -33.498747010432737 ], [ -70.790799634879534, -33.498583842729829 ], [ -70.789074175381359, -33.498198979493338 ], [ -70.787774969993961, -33.497913960605047 ], [ -70.787544253041744, -33.49809266182951 ], [ -70.787201961776987, -33.498291885450165 ], [ -70.786862310569745, -33.498470202749452 ], [ -70.786633046029351, -33.498631536657285 ], [ -70.78630188700663, -33.498750414531166 ], [ -70.785962235799389, -33.498843818784223 ], [ -70.785665041604204, -33.498835327577346 ], [ -70.785164056489009, -33.498741923324133 ], [ -70.78461212413265, -33.498538132404349 ], [ -70.784430146931641, -33.49850127622517 ], [ -70.784383628931664, -33.501691382619583 ], [ -70.784450666732141, -33.501710788298681 ], [ -70.784445907810209, -33.501770274823848 ], [ -70.784434010504981, -33.502254733084783 ], [ -70.784412595355946, -33.502978089230965 ], [ -70.784384041823913, -33.504040280624508 ], [ -70.784343828932947, -33.505080462003662 ], [ -70.784496780686425, -33.505106267258327 ], [ -70.784513698654166, -33.505109193995395 ], [ -70.784526619127348, -33.505111478277904 ], [ -70.784527673868354, -33.5051118113538 ], [ -70.784528189863352, -33.50511172182302 ], [ -70.784474788346643, -33.505844160770664 ], [ -70.784453403881571, -33.506173113878667 ], [ -70.784429220955872, -33.506215482888756 ], [ -70.784393368976282, -33.50675753165234 ], [ -70.784390575147029, -33.506759335818913 ], [ -70.784324418479855, -33.506780836735793 ], [ -70.784138820521321, -33.506852220566024 ], [ -70.784196620077424, -33.506938919900051 ], [ -70.784196607459137, -33.506939036268534 ], [ -70.784205842006429, -33.50695332782982 ], [ -70.78420203486877, -33.506979977793037 ], [ -70.784194420593451, -33.507016859438686 ], [ -70.784186330426166, -33.507043033509767 ], [ -70.7841842915999, -33.507052615992833 ], [ -70.784102840437015, -33.507803777600934 ], [ -70.784469928685439, -33.509739333730181 ], [ -70.784803644652484, -33.511897367496879 ], [ -70.785039412691788, -33.513387418322729 ] ] ] } },
{ "type": "Feature", "properties": { "CUA_CODIGO": "39462153", "CUA_SUP": 2.45, "COMUNA": "MAIPU", "UNIDAD": "25A. COM. MAIPU", "DESTACAMEN": "25A. COM. MAIPU", "PREFECTURA": "PREF. STGO. RINCONADA", "ZONA": "METROPOLITANA", "NUM_CUAD": "215C", "CUA_DESCRI": "Cuadrante 215C", "CUA_TIPO": "Urbano", "CUA_ESTADO": "1", "CUA_FTERMI": null, "UNI_CODIGO": "811110250000", "CUA_ANO": "2014", "COD_AUPOL": "3226", "COM_CODIGO": "13119", "SHAPE_LENG": 7.6832169693100001, "SHAPE_AREA": 2.45182657868, "COD_DESTAC": "811110250000", "TOOLTIP": "Cuadrante 215C&&25A. COM. MAIPU", "COD": "CONPCSP", "SUP_KM2": 0.0, "cuadrante": "215C", "equipo_asignado": "Motoristas", "ranking_pcsp": 9, "Total_PCSP": 12, "Total_Meta_PCSP": 6, "Total_Complementario_PCSP": 6, "Puntaje_PCSP_Ponderado": 72 }, "geometry": { "type": "Polygon", "coordinates": [ [ [ -70.750755484265198, -33.487727837647746 ], [ -70.749903385662776, -33.487046440119748 ], [ -70.749545119624599, -33.486841464521994 ], [ -70.748297051199643, -33.48608272426366 ], [ -70.747732160813769, -33.485497362519311 ], [ -70.747556122394712, -33.485309190028481 ], [ -70.747397471036265, -33.485139603063033 ], [ -70.747106384009555, -33.484774880464954 ], [ -70.746418879097234, -33.483878679853085 ], [ -70.745032148018311, -33.481665081492224 ], [ -70.744955096018145, -33.481542878492228 ], [ -70.743822468599262, -33.480174860864288 ], [ -70.74338991312419, -33.479697160884541 ], [ -70.742728044808132, -33.478940029462706 ], [ -70.742446452279182, -33.478580325459411 ], [ -70.741413140812369, -33.477214996481621 ], [ -70.74118157331128, -33.476912531889631 ], [ -70.740849033737277, -33.476459249176685 ], [ -70.740385097823264, -33.47581428888514 ], [ -70.73970213187323, -33.474864843694668 ], [ -70.739434942667344, -33.474493392202234 ], [ -70.739275020239063, -33.474284991356221 ], [ -70.737457414147741, -33.472080384815335 ], [ -70.736895515915023, -33.471427290736642 ], [ -70.736669522580314, -33.471254894297715 ], [ -70.736466768626258, -33.4711006929424 ], [ -70.736155023135666, -33.470869860355599 ], [ -70.736063124113684, -33.470798439795999 ], [ -70.735868121416388, -33.47066473219143 ], [ -70.735739763878712, -33.470581047577014 ], [ -70.735496729290332, -33.470431873431949 ], [ -70.735092621626848, -33.470195742039664 ], [ -70.734309447023122, -33.469733550762506 ], [ -70.73364380032092, -33.469343634401078 ], [ -70.733588489317128, -33.46930977042927 ], [ -70.733353938033474, -33.469376244717751 ], [ -70.73327847322264, -33.469408318139081 ], [ -70.733187016667216, -33.469443782904065 ], [ -70.733086532717095, -33.469489400115329 ], [ -70.732980931624425, -33.469537360960132 ], [ -70.732782364014497, -33.469625953174948 ], [ -70.732727328203396, -33.469644600617464 ], [ -70.73246219187638, -33.469707008171611 ], [ -70.731445759214068, -33.469982535265551 ], [ -70.730982970787124, -33.470105194698647 ], [ -70.730816270654032, -33.470147953864618 ], [ -70.730236332940194, -33.470299750432844 ], [ -70.729700209296936, -33.470435648785951 ], [ -70.729219720413482, -33.470564676318411 ], [ -70.728754118907261, -33.470710319725178 ], [ -70.728296331610125, -33.470862913092731 ], [ -70.727853806707515, -33.47101932138429 ], [ -70.727851075810236, -33.471020468234371 ], [ -70.727110063778071, -33.471331708990817 ], [ -70.726572009290521, -33.471511439401006 ], [ -70.724708605917215, -33.472082980145274 ], [ -70.722789922116931, -33.472680328733816 ], [ -70.722512972295647, -33.47276271292867 ], [ -70.722390364123669, -33.472959466605737 ], [ -70.722100420897448, -33.47311969431825 ], [ -70.721964005434245, -33.473244180274385 ], [ -70.721892734162111, -33.473304228906841 ], [ -70.721929344663295, -33.473334329215781 ], [ -70.721962107864613, -33.473365336041127 ], [ -70.722012001352596, -33.473450044084025 ], [ -70.722056190440753, -33.473516852020907 ], [ -70.722100644828743, -33.473597138996467 ], [ -70.722145537186577, -33.473699894634258 ], [ -70.722179634082636, -33.473798305646987 ], [ -70.72219748382652, -33.473887952766518 ], [ -70.722220778965607, -33.473982019154612 ], [ -70.722476278157444, -33.475266038796413 ], [ -70.722686231184426, -33.476410847882164 ], [ -70.722753995999767, -33.476815355743774 ], [ -70.722766585609122, -33.476860415375533 ], [ -70.723014720252991, -33.478142255060781 ], [ -70.723031890109439, -33.478210826568159 ], [ -70.723038402999691, -33.478269169186547 ], [ -70.72306152277082, -33.47835424685087 ], [ -70.723118377910623, -33.478519761677433 ], [ -70.723158280829921, -33.478640566708513 ], [ -70.72319273835393, -33.478756950672505 ], [ -70.723287611433932, -33.479218590665241 ], [ -70.723451676553339, -33.480079908260961 ], [ -70.723475656975609, -33.480170005940863 ], [ -70.723506677291198, -33.480253698648987 ], [ -70.723554290098207, -33.480350971120231 ], [ -70.723659573730174, -33.480541118377623 ], [ -70.72375404211499, -33.480697351301508 ], [ -70.723894614244841, -33.480874232659566 ], [ -70.72408736234155, -33.481122773796749 ], [ -70.724155440121137, -33.481228276863249 ], [ -70.724187151115927, -33.481291706047152 ], [ -70.72426107269014, -33.481435450984918 ], [ -70.724298703921761, -33.481541377632254 ], [ -70.724342761708897, -33.481715344287579 ], [ -70.7243644083905, -33.481856851712095 ], [ -70.724611789402331, -33.481803219742559 ], [ -70.724739172075033, -33.481781624322366 ], [ -70.724913430110576, -33.481750247875418 ], [ -70.725119537636203, -33.481701056758027 ], [ -70.725164915628056, -33.481701516311766 ], [ -70.725259651111969, -33.48169749184558 ], [ -70.726033740764251, -33.48193704515829 ], [ -70.726587010881588, -33.481958736806064 ], [ -70.726932441378779, -33.482022882749682 ], [ -70.727159273781368, -33.482363110668814 ], [ -70.727319509587403, -33.482695003671147 ], [ -70.727533155230617, -33.482904820900501 ], [ -70.727784950115108, -33.483057415167366 ], [ -70.728013853656307, -33.483107007382216 ], [ -70.728326689125311, -33.483049781721711 ], [ -70.729257562086502, -33.482797994032012 ], [ -70.729867969730833, -33.482588172306066 ], [ -70.73019606489629, -33.482519501873234 ], [ -70.731291517396073, -33.482537294973156 ], [ -70.731515042262799, -33.4825790069155 ], [ -70.732082901987553, -33.482579006915508 ], [ -70.732650761712421, -33.482579006915493 ], [ -70.733069184410112, -33.4825790069155 ], [ -70.733412889572264, -33.482579006915493 ], [ -70.733756593756482, -33.482593950618195 ], [ -70.734294566075846, -33.482937654802406 ], [ -70.734518720638619, -33.483296303667252 ], [ -70.734757819881679, -33.483490570824529 ], [ -70.735295792201157, -33.483759557473149 ], [ -70.735983201547413, -33.483879106116831 ], [ -70.736805103240442, -33.483983712035865 ], [ -70.737402850370643, -33.483879106116817 ], [ -70.737763322830574, -33.483731060497966 ], [ -70.738254639468721, -33.48356528933806 ], [ -70.73862823203639, -33.483430796013749 ], [ -70.739285752999479, -33.483415852311055 ], [ -70.739958218643153, -33.483430796013749 ], [ -70.740570909476048, -33.483565289338053 ], [ -70.741049106984576, -33.483714726365065 ], [ -70.741587079303997, -33.483998655738617 ], [ -70.74208022051522, -33.484312473495216 ], [ -70.742588305429308, -33.484446965841578 ], [ -70.742991784424305, -33.484521684355116 ], [ -70.743186052559508, -33.484596402868696 ], [ -70.743440094527571, -33.484730896193014 ], [ -70.743709081176064, -33.484775727301106 ], [ -70.744052785360395, -33.484850445814573 ], [ -70.744381546819795, -33.484969994458361 ], [ -70.744650532490482, -33.485044712971899 ], [ -70.744829856922877, -33.485134375188125 ], [ -70.74515861740457, -33.485403360858818 ], [ -70.745726477129324, -33.485702234912885 ], [ -70.745980520075094, -33.485986164286317 ], [ -70.746100068719045, -33.486285038340327 ], [ -70.746309280556886, -33.486583911416517 ], [ -70.746563322524878, -33.486748292146224 ], [ -70.747011633605851, -33.486972446708876 ], [ -70.747549605925258, -33.487390870384395 ], [ -70.748012859731148, -33.487644912352494 ], [ -70.748408583802075, -33.487868654284043 ], [ -70.748700268099583, -33.488018503942151 ], [ -70.749073860667238, -33.488093222455738 ], [ -70.749342846338038, -33.488152997266525 ], [ -70.749671606819504, -33.48833232169892 ], [ -70.750158776612025, -33.488819491491427 ], [ -70.750454495308475, -33.488280241188704 ], [ -70.750755484265198, -33.487727837647746 ] ] ] } },
{ "type": "Feature", "properties": { "CUA_CODIGO": "39462151", "CUA_SUP": 1.32, "COMUNA": "MAIPU", "UNIDAD": "25A. COM. MAIPU", "DESTACAMEN": "25A. COM. MAIPU", "PREFECTURA": "PREF. STGO. RINCONADA", "ZONA": "METROPOLITANA", "NUM_CUAD": "215A", "CUA_DESCRI": "Cuadrante 215A", "CUA_TIPO": "Urbano", "CUA_ESTADO": "1", "CUA_FTERMI": null, "UNI_CODIGO": "811110250000", "CUA_ANO": "2014", "COD_AUPOL": "3226", "COM_CODIGO": "13119", "SHAPE_LENG": 5.0604219605100003, "SHAPE_AREA": 1.32050326106, "COD_DESTAC": "811110250000", "TOOLTIP": "Cuadrante 215A&&25A. COM. MAIPU", "COD": "CONPCSP", "SUP_KM2": 0.0, "cuadrante": "215A", "equipo_asignado": "Motoristas", "ranking_pcsp": 10, "Total_PCSP": 11, "Total_Meta_PCSP": 5, "Total_Complementario_PCSP": 6, "Puntaje_PCSP_Ponderado": 62 }, "geometry": { "type": "Polygon", "coordinates": [ [ [ -70.740122797516335, -33.475449644403504 ], [ -70.740385097823264, -33.47581428888514 ], [ -70.740849033737277, -33.476459249176685 ], [ -70.74118157331128, -33.476912531889631 ], [ -70.741413140812369, -33.477214996481621 ], [ -70.742446452279182, -33.478580325459411 ], [ -70.742728044808132, -33.478940029462706 ], [ -70.74338991312419, -33.479697160884541 ], [ -70.743822468599262, -33.480174860864288 ], [ -70.744955096018145, -33.481542878492228 ], [ -70.745032148018311, -33.481665081492224 ], [ -70.746418879097234, -33.483878679853085 ], [ -70.747106384009555, -33.484774880464954 ], [ -70.747397471036265, -33.485139603063033 ], [ -70.747556122394712, -33.485309190028481 ], [ -70.747732160813769, -33.485497362519311 ], [ -70.748297051199643, -33.48608272426366 ], [ -70.749545119624599, -33.486841464521994 ], [ -70.749903385662776, -33.487046440119748 ], [ -70.750755484265198, -33.487727837647746 ], [ -70.751098980254994, -33.487097421159483 ], [ -70.751796540133171, -33.485853944344797 ], [ -70.753002106701445, -33.483738516215517 ], [ -70.755390492321112, -33.479462167857079 ], [ -70.756960003513711, -33.476785659083816 ], [ -70.758430945718544, -33.474382108778798 ], [ -70.758223963518958, -33.474272203492021 ], [ -70.757984414019006, -33.474160443992105 ], [ -70.757930690504736, -33.474148623262181 ], [ -70.757795298019005, -33.474118832992019 ], [ -70.757603255018921, -33.474096644992066 ], [ -70.757540489518988, -33.474096150992004 ], [ -70.757438424502823, -33.474098568291424 ], [ -70.757063732505742, -33.474126325389982 ], [ -70.756506296068665, -33.474167620155576 ], [ -70.755468466402817, -33.474242453464903 ], [ -70.75487661912814, -33.474277377899334 ], [ -70.754208617222901, -33.474311915837802 ], [ -70.753925870018747, -33.474328126992191 ], [ -70.753879946518737, -33.474336939992213 ], [ -70.753834023018783, -33.474345752992122 ], [ -70.753428177684555, -33.474377452386989 ], [ -70.752223388018649, -33.474471554992078 ], [ -70.751880047518625, -33.474494445992256 ], [ -70.751536707018602, -33.474517336992385 ], [ -70.75138424772905, -33.474523137673657 ], [ -70.751091635483078, -33.47453427081205 ], [ -70.750670726518592, -33.474555489492211 ], [ -70.749647097491447, -33.474627776153405 ], [ -70.749045916190425, -33.474670327405867 ], [ -70.748835762018587, -33.474685201992258 ], [ -70.748719464018393, -33.474710245992291 ], [ -70.748489750777424, -33.474727411421092 ], [ -70.747651087728116, -33.474787566978875 ], [ -70.747034534160605, -33.474831162955645 ], [ -70.746513297433864, -33.474867289934139 ], [ -70.745967605707392, -33.474906855209895 ], [ -70.745748148740574, -33.474925252430012 ], [ -70.745547024024745, -33.4749415610139 ], [ -70.745387100018206, -33.474956074992349 ], [ -70.745002659315958, -33.474983730888766 ], [ -70.744509674518213, -33.475020931492267 ], [ -70.744280781018233, -33.475036191992324 ], [ -70.743925996018163, -33.475062897992409 ], [ -70.743489706297282, -33.475094992861663 ], [ -70.74339149301818, -33.475097998992389 ], [ -70.743044216697058, -33.47512474609124 ], [ -70.7426756141341, -33.475149041081515 ], [ -70.7424267430182, -33.47516209299237 ], [ -70.742260618610885, -33.475180366768647 ], [ -70.74204525401808, -33.475204056992368 ], [ -70.741850694518121, -33.47521740999241 ], [ -70.741656135018104, -33.475230762992439 ], [ -70.741471114307274, -33.475244587032471 ], [ -70.740895695171901, -33.475288205695847 ], [ -70.740408665017924, -33.475327746992377 ], [ -70.740227055566436, -33.475383563761454 ], [ -70.740158613182416, -33.475431455539642 ], [ -70.740122797516335, -33.475449644403504 ] ] ] } },
{ "type": "Feature", "properties": { "CUA_CODIGO": "39462171", "CUA_SUP": 2.75, "COMUNA": "MAIPU", "UNIDAD": "25A. COM. MAIPU", "DESTACAMEN": "25A. COM. MAIPU", "PREFECTURA": "PREF. STGO. RINCONADA", "ZONA": "METROPOLITANA", "NUM_CUAD": "217A", "CUA_DESCRI": "Cuadrante 217A", "CUA_TIPO": "Urbano", "CUA_ESTADO": "1", "CUA_FTERMI": null, "UNI_CODIGO": "811110250000", "CUA_ANO": "2014", "COD_AUPOL": "3226", "COM_CODIGO": "13119", "SHAPE_LENG": 7.2970206476800001, "SHAPE_AREA": 2.75225670745, "COD_DESTAC": "811110250000", "TOOLTIP": "Cuadrante 217A&&25A. COM. MAIPU", "COD": "CONPCSP", "SUP_KM2": 0.0, "cuadrante": "217A", "equipo_asignado": "Móviles", "ranking_pcsp": 4, "Total_PCSP": 16, "Total_Meta_PCSP": 8, "Total_Complementario_PCSP": 8, "Puntaje_PCSP_Ponderado": 96 }, "geometry": { "type": "Polygon", "coordinates": [ [ [ -70.737463557884553, -33.504897905105793 ], [ -70.739850404871959, -33.510104673191847 ], [ -70.73983826060396, -33.510104414073737 ], [ -70.74208687644682, -33.510261791996129 ], [ -70.743632006018174, -33.510280899992154 ], [ -70.746128748631406, -33.510345302210339 ], [ -70.747176447138656, -33.510363278635339 ], [ -70.749752061440347, -33.510434596119808 ], [ -70.753157440428254, -33.510521125225189 ], [ -70.753147137756685, -33.510416025779257 ], [ -70.752994764018581, -33.508963259992072 ], [ -70.752864583018663, -33.507828045992028 ], [ -70.752850905452817, -33.506950644935444 ], [ -70.752751879185439, -33.505924072810274 ], [ -70.752718968601414, -33.505527863937289 ], [ -70.757316644750631, -33.505543097038696 ], [ -70.757324220943815, -33.505039209224151 ], [ -70.757385253204404, -33.501266475282144 ], [ -70.757378795819477, -33.50028650161903 ], [ -70.757440309157005, -33.498518705492927 ], [ -70.757440309157005, -33.497070673119488 ], [ -70.757418369302115, -33.495205782526568 ], [ -70.757308669050303, -33.494459826484956 ], [ -70.75706733064726, -33.494021029388762 ], [ -70.756716292970168, -33.493450592185695 ], [ -70.755838697799675, -33.492858215127796 ], [ -70.755202441032168, -33.492397478176713 ], [ -70.754237085464752, -33.491739281554381 ], [ -70.753846941692984, -33.491216766282143 ], [ -70.753720886774317, -33.491159219875314 ], [ -70.753381235567076, -33.490879008093827 ], [ -70.753177444647179, -33.490726164415037 ], [ -70.752897232865507, -33.49060728751914 ], [ -70.752370774129759, -33.490462935047056 ], [ -70.75169996389991, -33.490123284817678 ], [ -70.751285523777597, -33.489781857927362 ], [ -70.750852157377153, -33.489393322634882 ], [ -70.750269353949705, -33.488930068829063 ], [ -70.750158776612025, -33.488819491491363 ], [ -70.749916872977792, -33.489216627262117 ], [ -70.749008263518476, -33.490771419492141 ], [ -70.748145487691545, -33.492272709324652 ], [ -70.747705287405438, -33.492998444931452 ], [ -70.746789194918165, -33.494681913593119 ], [ -70.746372789242059, -33.495479033030165 ], [ -70.745782331999976, -33.496395205999931 ], [ -70.745311824849466, -33.496984545530601 ], [ -70.744457723733888, -33.498054360410492 ], [ -70.743360375753355, -33.499322977266502 ], [ -70.742755137694303, -33.500021884293282 ], [ -70.742086454883008, -33.500766131096952 ], [ -70.741411281999888, -33.501513788999937 ], [ -70.740346804244666, -33.50224859959183 ], [ -70.739352879774515, -33.502725530070499 ], [ -70.736780647309217, -33.503405854616808 ], [ -70.736826828395138, -33.50350891670292 ], [ -70.737463557884553, -33.504897905105793 ] ] ] } },
{ "type": "Feature", "properties": { "CUA_CODIGO": "39462183", "CUA_SUP": 0.83, "COMUNA": "MAIPU", "UNIDAD": "25A. COM. MAIPU", "DESTACAMEN": "25A. COM. MAIPU", "PREFECTURA": "PREF. STGO. RINCONADA", "ZONA": "METROPOLITANA", "NUM_CUAD": "218C", "CUA_DESCRI": "Cuadrante 218C", "CUA_TIPO": "Urbano", "CUA_ESTADO": "1", "CUA_FTERMI": null, "UNI_CODIGO": "811110250000", "CUA_ANO": "2014", "COD_AUPOL": "3226", "COM_CODIGO": "13119", "SHAPE_LENG": 4.0179398767399999, "SHAPE_AREA": 0.83484841684, "COD_DESTAC": "811110250000", "TOOLTIP": "Cuadrante 218C&&25A. COM. MAIPU", "COD": "CONPCSP", "SUP_KM2": 0.0, "cuadrante": "218C", "equipo_asignado": "Delta", "ranking_pcsp": 15, "Total_PCSP": 15, "Total_Meta_PCSP": 2, "Total_Complementario_PCSP": 13, "Puntaje_PCSP_Ponderado": 46 }, "geometry": { "type": "Polygon", "coordinates": [ [ [ -70.752718968601414, -33.505527863937289 ], [ -70.752751879185439, -33.505924072810274 ], [ -70.752850905452817, -33.506950644935444 ], [ -70.752864583018663, -33.507828045992028 ], [ -70.752994764018581, -33.508963259992072 ], [ -70.753147137756685, -33.510416025779257 ], [ -70.753190036853141, -33.510853641311598 ], [ -70.753238473018882, -33.511349091992031 ], [ -70.753234661518661, -33.511688607492147 ], [ -70.753175342893201, -33.511938691635287 ], [ -70.753108775018688, -33.512245566992078 ], [ -70.752872256018691, -33.512726231992083 ], [ -70.752635735018544, -33.513035230992038 ], [ -70.752701242803596, -33.513077047364277 ], [ -70.752756327018574, -33.513093748992112 ], [ -70.752934607962743, -33.513128524760823 ], [ -70.753009595018568, -33.513138227992044 ], [ -70.753119046018753, -33.513146610992123 ], [ -70.753685878821045, -33.513160949747714 ], [ -70.754016728018883, -33.513168739991947 ], [ -70.755003686573843, -33.513179325672859 ], [ -70.755657133018815, -33.513183988992019 ], [ -70.755657137018773, -33.513470097991842 ], [ -70.756256736877958, -33.51342238183814 ], [ -70.757177036820167, -33.513351740338926 ], [ -70.75733581959679, -33.513351644012516 ], [ -70.757335688571118, -33.513340384739074 ], [ -70.757358569068515, -33.512394317235476 ], [ -70.757424922899872, -33.512400854504612 ], [ -70.758739563040535, -33.512564235655802 ], [ -70.759835412093764, -33.512701037805861 ], [ -70.761358818077042, -33.512895806019692 ], [ -70.763279294019355, -33.513130534991539 ], [ -70.763209247455563, -33.512375873528185 ], [ -70.76319271064574, -33.512188867485122 ], [ -70.763115960019263, -33.511169093991725 ], [ -70.763084474107075, -33.510799042584601 ], [ -70.763081160398656, -33.51071559246526 ], [ -70.763092183290269, -33.510648552519513 ], [ -70.763159492296779, -33.510281023928307 ], [ -70.763179349019367, -33.510265830991777 ], [ -70.763369495409222, -33.510221804049309 ], [ -70.764995827622045, -33.509921896279927 ], [ -70.764854813519207, -33.509527459491729 ], [ -70.764433453519246, -33.508265966991701 ], [ -70.764171929519364, -33.507505626491586 ], [ -70.763901740676602, -33.506673687484749 ], [ -70.763897583477672, -33.506489251435646 ], [ -70.763965908019372, -33.50554291999191 ], [ -70.757316644750631, -33.50554309703886 ], [ -70.752718968601414, -33.505527863937289 ] ] ] } },
{ "type": "Feature", "properties": { "CUA_CODIGO": "39462181", "CUA_SUP": 2.62, "COMUNA": "MAIPU", "UNIDAD": "25A. COM. MAIPU", "DESTACAMEN": "25A. COM. MAIPU", "PREFECTURA": "PREF. STGO. RINCONADA", "ZONA": "METROPOLITANA", "NUM_CUAD": "218A", "CUA_DESCRI": "Cuadrante 218A", "CUA_TIPO": "Urbano", "CUA_ESTADO": "1", "CUA_FTERMI": null, "UNI_CODIGO": "811110250000", "CUA_ANO": "2014", "COD_AUPOL": "3226", "COM_CODIGO": "13119", "SHAPE_LENG": 7.3733837962599997, "SHAPE_AREA": 2.6248611282600001, "COD_DESTAC": "811110250000", "TOOLTIP": "Cuadrante 218A&&25A. COM. MAIPU", "COD": "CONPCSP", "SUP_KM2": 0.0, "cuadrante": "218A", "equipo_asignado": "Móviles", "ranking_pcsp": 3, "Total_PCSP": 15, "Total_Meta_PCSP": 9, "Total_Complementario_PCSP": 6, "Puntaje_PCSP_Ponderado": 102 }, "geometry": { "type": "Polygon", "coordinates": [ [ [ -70.764995827622045, -33.509921896279991 ], [ -70.767142806257198, -33.509529782677866 ], [ -70.767980111019597, -33.509378591991648 ], [ -70.768744184019695, -33.5092309389916 ], [ -70.769606439519748, -33.509062325491634 ], [ -70.76985914158179, -33.509012801981228 ], [ -70.770329184019715, -33.508960929991581 ], [ -70.772698490677612, -33.509135536425326 ], [ -70.775540334422047, -33.509353820421374 ], [ -70.775555589082785, -33.508842638233439 ], [ -70.775578476424812, -33.508598491591563 ], [ -70.775586102279647, -33.508213198680664 ], [ -70.775608987666089, -33.507713461237117 ], [ -70.775662389182742, -33.506900911214302 ], [ -70.77567001797081, -33.506809355979215 ], [ -70.775677643825418, -33.506397359376592 ], [ -70.775700530189795, -33.506000621328035 ], [ -70.775738675107959, -33.505519957810414 ], [ -70.775784445881015, -33.504638741850165 ], [ -70.775790981489763, -33.504504363905994 ], [ -70.775785177274713, -33.504404102348346 ], [ -70.775674108104226, -33.503281822746473 ], [ -70.775608943665134, -33.502700831180668 ], [ -70.775608229871807, -33.502619295452298 ], [ -70.775570791902226, -33.502365130281412 ], [ -70.775563161158516, -33.502281205790098 ], [ -70.775509749863772, -33.501907357039265 ], [ -70.775471598100978, -33.501617432779938 ], [ -70.775452752980129, -33.501473670898513 ], [ -70.775441077081837, -33.501377101509938 ], [ -70.775364774533799, -33.500900253364073 ], [ -70.775336159245001, -33.5006904010678 ], [ -70.775311362261448, -33.500530219985023 ], [ -70.775265580732651, -33.50018688931987 ], [ -70.775227428969799, -33.499855002814847 ], [ -70.775174017675056, -33.4994964135958 ], [ -70.775051932620613, -33.498611383241489 ], [ -70.774937479287701, -33.497829353259988 ], [ -70.774868806505538, -33.497283839176589 ], [ -70.774820534522689, -33.496919741037743 ], [ -70.774821978731836, -33.496885765454564 ], [ -70.775031630579235, -33.496027802533142 ], [ -70.774991516373689, -33.496024716599443 ], [ -70.774592426718527, -33.495897347519026 ], [ -70.773446104994036, -33.495532223668931 ], [ -70.772715856316154, -33.495226537289064 ], [ -70.772104484534168, -33.494988782519492 ], [ -70.771527078557313, -33.494810465220141 ], [ -70.771000619821621, -33.494700078553372 ], [ -70.770728899246933, -33.494640640105388 ], [ -70.770083562637637, -33.494513271024843 ], [ -70.769302365740771, -33.494317972289537 ], [ -70.768750433384639, -33.494173619817616 ], [ -70.768156044016393, -33.494088707749142 ], [ -70.767417304131584, -33.493961338668726 ], [ -70.766865371775509, -33.493842460794994 ], [ -70.76616908694723, -33.493732074128218 ], [ -70.765761506085198, -33.493655653266558 ], [ -70.765336942809427, -33.49359621384081 ], [ -70.764946344361078, -33.493519792979157 ], [ -70.764700097406887, -33.49350280958776 ], [ -70.764343464763726, -33.49348582717397 ], [ -70.763426407579573, -33.493256563611276 ], [ -70.761872504992994, -33.492942386024644 ], [ -70.761244150797495, -33.492857473956185 ], [ -70.760590322981216, -33.492781052116754 ], [ -70.759724214016046, -33.49266217424298 ], [ -70.759010946774083, -33.49261122700198 ], [ -70.758017468728397, -33.492483857921506 ], [ -70.75728721907268, -33.492398944875163 ], [ -70.756624900049701, -33.492322523035789 ], [ -70.756157880739636, -33.492169680334655 ], [ -70.755767282291458, -33.491982872806382 ], [ -70.75530875418832, -33.491863994932594 ], [ -70.754586995739487, -33.491626239185393 ], [ -70.754111485222779, -33.491337536197086 ], [ -70.753846941693041, -33.491216766282214 ], [ -70.754237085464808, -33.491739281554381 ], [ -70.755202441032168, -33.492397478176763 ], [ -70.755838697799732, -33.492858215127846 ], [ -70.756716292970225, -33.493450592185745 ], [ -70.75706733064726, -33.494021029388811 ], [ -70.757308669050303, -33.494459826484956 ], [ -70.757418369302115, -33.495205782526632 ], [ -70.757440309157062, -33.497070673119488 ], [ -70.757440309157062, -33.498518705492991 ], [ -70.757378795819534, -33.500286501619087 ], [ -70.757385253204461, -33.501266475282193 ], [ -70.757324220943872, -33.505039209224151 ], [ -70.757316644750702, -33.505543097039101 ], [ -70.763965908019372, -33.50554291999191 ], [ -70.763897583477728, -33.506489251435696 ], [ -70.763901740676658, -33.506673687484806 ], [ -70.764171929519421, -33.50750562649165 ], [ -70.764433453519317, -33.508265966991701 ], [ -70.764854813519264, -33.509527459491778 ], [ -70.764995827622045, -33.509921896279991 ] ] ] } },
{ "type": "Feature", "properties": { "CUA_CODIGO": "39582213", "CUA_SUP": 1.51, "COMUNA": "MAIPU", "UNIDAD": "52A. COM. RINCONADA DE MAIPU", "DESTACAMEN": "52A. COM. RINCONADA DE MAIPU", "PREFECTURA": "PREF. STGO. RINCONADA", "ZONA": "METROPOLITANA", "NUM_CUAD": "221C", "CUA_DESCRI": "Cuadrante 221C", "CUA_TIPO": "Urbano", "CUA_ESTADO": "1", "CUA_FTERMI": null, "UNI_CODIGO": "811110520000", "CUA_ANO": "2014", "COD_AUPOL": "3226", "COM_CODIGO": "13119", "SHAPE_LENG": 5.4160223322899999, "SHAPE_AREA": 1.5123082651399999, "COD_DESTAC": "811110520000", "TOOLTIP": "Cuadrante 221C&&52A. COM. RINCONADA DE MAIPU", "COD": "CONPCSP", "SUP_KM2": 0.0, "cuadrante": "221C", "equipo_asignado": "Sin refuerzo", "ranking_pcsp": 11, "Total_PCSP": 11, "Total_Meta_PCSP": 4, "Total_Complementario_PCSP": 7, "Puntaje_PCSP_Ponderado": 54 }, "geometry": { "type": "Polygon", "coordinates": [ [ [ -70.769812622861082, -33.536193832904466 ], [ -70.770293801019648, -33.535674865991545 ], [ -70.770649707964992, -33.5355561180927 ], [ -70.772873003854841, -33.533243230498897 ], [ -70.774632189519991, -33.531428724991422 ], [ -70.774794106854316, -33.531533249311735 ], [ -70.775743675020067, -33.530450173991483 ], [ -70.777073358020061, -33.528910050991385 ], [ -70.777230469020196, -33.528690997991426 ], [ -70.777406652993022, -33.528327591055465 ], [ -70.777888229020164, -33.527337343991292 ], [ -70.777920897020181, -33.527299535991276 ], [ -70.778588779020311, -33.525899206991419 ], [ -70.779174690020284, -33.524685572991359 ], [ -70.779199840580588, -33.524587910951311 ], [ -70.779228208136601, -33.524528507025074 ], [ -70.778694144080077, -33.524513241626551 ], [ -70.77797698910922, -33.524517054065079 ], [ -70.777862552398801, -33.524509428210351 ], [ -70.777473441182735, -33.524471273514102 ], [ -70.777175893024207, -33.524463662326241 ], [ -70.776367190640542, -33.524497989917222 ], [ -70.775232333089491, -33.524564887361066 ], [ -70.771705629550695, -33.524791725637151 ], [ -70.769409175618819, -33.524944305310321 ], [ -70.767074581657539, -33.525131225285733 ], [ -70.762916565560786, -33.525451663719657 ], [ -70.762792604109961, -33.525452825344914 ], [ -70.761657513385103, -33.525447691899949 ], [ -70.761603038245255, -33.525433726974022 ], [ -70.760868387515984, -33.525429421724823 ], [ -70.760273263820807, -33.525417981476259 ], [ -70.75981547688923, -33.525414169037731 ], [ -70.759052497366383, -33.525410359532707 ], [ -70.757213717919115, -33.525398926128439 ], [ -70.757175578867646, -33.526570066348192 ], [ -70.757164165019333, -33.526765544998504 ], [ -70.757156364138737, -33.526931755190155 ], [ -70.757144949312647, -33.527049091074737 ], [ -70.757126265528768, -33.527221177838612 ], [ -70.757099021114129, -33.527381775463937 ], [ -70.757089240190453, -33.527446930125045 ], [ -70.757087550553649, -33.527500359997873 ], [ -70.757099913844684, -33.527562872645881 ], [ -70.757104014734182, -33.527640758250634 ], [ -70.757118222154645, -33.527648927761433 ], [ -70.75771331456059, -33.52796935055067 ], [ -70.758766175319693, -33.528690334582613 ], [ -70.758842472978529, -33.528743740988311 ], [ -70.759887704949449, -33.529460896936982 ], [ -70.760154724266329, -33.529644023051951 ], [ -70.76264953451124, -33.531368256275357 ], [ -70.762802114184296, -33.531471256648274 ], [ -70.763313285032098, -33.531822210234672 ], [ -70.763450630596083, -33.53191375666961 ], [ -70.764198300719499, -33.532402038219693 ], [ -70.764427177073628, -33.532554614959331 ], [ -70.764564519704322, -33.53264617899476 ], [ -70.765502926152578, -33.533287038262358 ], [ -70.766197207470611, -33.533756255664521 ], [ -70.767616284281189, -33.534709928489121 ], [ -70.769187927075748, -33.535766599730998 ], [ -70.769767754082977, -33.536163319201364 ], [ -70.769812622861082, -33.536193832904466 ] ] ] } },
{ "type": "Feature", "properties": { "CUA_CODIGO": "39582233", "CUA_SUP": 8.34, "COMUNA": "MAIPU", "UNIDAD": "52A. COM. RINCONADA DE MAIPU", "DESTACAMEN": "SCOM. MAIPU ORIENTE 52A.COM.", "PREFECTURA": "PREF. STGO. RINCONADA", "ZONA": "METROPOLITANA", "NUM_CUAD": "223C", "CUA_DESCRI": "Cuadrante 223C", "CUA_TIPO": "Urbano", "CUA_ESTADO": "1", "CUA_FTERMI": null, "UNI_CODIGO": "811110520000", "CUA_ANO": "2014", "COD_AUPOL": "3226", "COM_CODIGO": "13119", "SHAPE_LENG": 13.332121445369999, "SHAPE_AREA": 8.3410588418099998, "COD_DESTAC": "811110521000", "TOOLTIP": "Cuadrante 223C&&SCOM. MAIPU ORIENTE 52A.COM.", "COD": "CONPCSP", "SUP_KM2": 0.0, "cuadrante": "223C", "equipo_asignado": "Sin refuerzo", "ranking_pcsp": 17, "Total_PCSP": 3, "Total_Meta_PCSP": 1, "Total_Complementario_PCSP": 2, "Puntaje_PCSP_Ponderado": 14 }, "geometry": { "type": "Polygon", "coordinates": [ [ [ -70.748601686690222, -33.54986507271429 ], [ -70.748874051288226, -33.549716144224583 ], [ -70.74951990238128, -33.549362993043637 ], [ -70.750299644714289, -33.548936630173337 ], [ -70.751275035548076, -33.54840328676238 ], [ -70.752568343850385, -33.547696106176645 ], [ -70.753405446018689, -33.547248758992005 ], [ -70.754805752815628, -33.546487230525258 ], [ -70.756256668018864, -33.545705154991815 ], [ -70.757135804210634, -33.545232954282184 ], [ -70.756954772828578, -33.544950811037609 ], [ -70.75673916403224, -33.544592989197604 ], [ -70.756740023506779, -33.54455461567602 ], [ -70.756743931799292, -33.544460610572571 ], [ -70.756754141018916, -33.54442006899184 ], [ -70.756803626070337, -33.544342436692837 ], [ -70.756910217839618, -33.544262730067203 ], [ -70.757254856018847, -33.544113515991789 ], [ -70.758944693609976, -33.54334140403882 ], [ -70.759775478071106, -33.542968762651292 ], [ -70.762225731852936, -33.541854742608841 ], [ -70.762955698019368, -33.541442165991725 ], [ -70.765130435519438, -33.540452817991593 ], [ -70.764984085019364, -33.540354358991564 ], [ -70.765475551019506, -33.540117338491598 ], [ -70.765875845844619, -33.539899775168294 ], [ -70.766196904618027, -33.539662560184624 ], [ -70.766665078784854, -33.539303946055036 ], [ -70.766955074519558, -33.539048586491617 ], [ -70.767632744019579, -33.538356916991518 ], [ -70.768170933519627, -33.537802820491549 ], [ -70.768766800019705, -33.537190372991468 ], [ -70.769177118475682, -33.53677728903147 ], [ -70.769621885019717, -33.536298954991587 ], [ -70.769763083716555, -33.536160123721913 ], [ -70.769187927075748, -33.535766599730998 ], [ -70.767616284281189, -33.534709928489121 ], [ -70.766197207470611, -33.533756255664521 ], [ -70.765502926152578, -33.533287038262358 ], [ -70.764564519704322, -33.53264617899476 ], [ -70.764427177073628, -33.532554614959331 ], [ -70.764198300719499, -33.532402038219693 ], [ -70.763450630596083, -33.53191375666961 ], [ -70.763313285032098, -33.531822210234672 ], [ -70.762802114184296, -33.531471256648274 ], [ -70.76264953451124, -33.531368256275357 ], [ -70.760154724266329, -33.529644023051951 ], [ -70.759887704949449, -33.529460896936982 ], [ -70.758842472978529, -33.528743740988311 ], [ -70.758766175319693, -33.528690334582613 ], [ -70.75771331456059, -33.52796935055067 ], [ -70.757118222154645, -33.527648927761433 ], [ -70.757104014734182, -33.527640758250634 ], [ -70.756965644436377, -33.527561193765059 ], [ -70.756805426197161, -33.527469632663042 ], [ -70.756706239240557, -33.527416225279637 ], [ -70.75659179959672, -33.527347553475416 ], [ -70.753433223186164, -33.525623320252009 ], [ -70.753204345854272, -33.525501255731278 ], [ -70.753082269599929, -33.525432582949243 ], [ -70.753036490026773, -33.525409694629332 ], [ -70.749832144798972, -33.523662552552253 ], [ -70.746604925918405, -33.521911616614936 ], [ -70.743667597074079, -33.5203094440011 ], [ -70.74284362929177, -33.51986694397975 ], [ -70.742462161530966, -33.51966095887866 ], [ -70.741104127736378, -33.518920897009828 ], [ -70.740730284852418, -33.518722538741251 ], [ -70.740142833946095, -33.518417366683764 ], [ -70.739471439970146, -33.51807022651365 ], [ -70.737838754159611, -33.517227178938697 ], [ -70.734962472242671, -33.515727990075213 ], [ -70.732818614606401, -33.514644631764106 ], [ -70.732170098194501, -33.514316554764157 ], [ -70.729484566291774, -33.512989053722436 ], [ -70.727348332554698, -33.511901865372458 ], [ -70.725212096862094, -33.510940553981762 ], [ -70.724159239036339, -33.510509491275741 ], [ -70.722943186219425, -33.510033329950261 ], [ -70.720142570722828, -33.512522186649342 ], [ -70.719292888555628, -33.513217889593648 ], [ -70.718385668161218, -33.513898450819788 ], [ -70.718350728203347, -33.513924661393737 ], [ -70.72067397382466, -33.516952647246633 ], [ -70.721261514407161, -33.517703019078859 ], [ -70.721402844665192, -33.517718935280463 ], [ -70.722069137980156, -33.518538811216956 ], [ -70.722138850727163, -33.518627302707607 ], [ -70.722398944555437, -33.518948060304524 ], [ -70.722981396773775, -33.519700559932673 ], [ -70.723980947362577, -33.52094500670637 ], [ -70.724691221122725, -33.521816275300637 ], [ -70.725061481901605, -33.522276048300846 ], [ -70.725927834801382, -33.523367161564927 ], [ -70.726271091637329, -33.523830030031604 ], [ -70.726351203299259, -33.523960941635202 ], [ -70.726647149199778, -33.524347938819176 ], [ -70.726819810924042, -33.524561026767635 ], [ -70.727891995141988, -33.525876207280135 ], [ -70.728936746296142, -33.527147174049389 ], [ -70.729226957735023, -33.527499608245073 ], [ -70.730280587639129, -33.528771361582294 ], [ -70.732668730901025, -33.531723994049635 ], [ -70.733017800161974, -33.532112836495855 ], [ -70.734002609991137, -33.533288908723819 ], [ -70.734479975011197, -33.533851449137273 ], [ -70.735033527997757, -33.53448768485201 ], [ -70.736998077972885, -33.536748608427501 ], [ -70.737113100862928, -33.536891336953317 ], [ -70.737559205509058, -33.537403166574329 ], [ -70.738303706126658, -33.538264831825302 ], [ -70.741336265842108, -33.541707238359493 ], [ -70.742763050851238, -33.543324699737695 ], [ -70.743044286614975, -33.543645718072241 ], [ -70.743521365845083, -33.544179306272831 ], [ -70.743901101941674, -33.544608091958708 ], [ -70.744949818138593, -33.54580656874645 ], [ -70.748601686690222, -33.54986507271429 ] ] ] } },
{ "type": "Feature", "properties": { "CUA_CODIGO": "39582231", "CUA_SUP": 3.9, "COMUNA": "MAIPU", "UNIDAD": "52A. COM. RINCONADA DE MAIPU", "DESTACAMEN": "SCOM. MAIPU ORIENTE 52A.COM.", "PREFECTURA": "PREF. STGO. RINCONADA", "ZONA": "METROPOLITANA", "NUM_CUAD": "223A", "CUA_DESCRI": "Cuadrante 223A", "CUA_TIPO": "Urbano", "CUA_ESTADO": "1", "CUA_FTERMI": null, "UNI_CODIGO": "811110520000", "CUA_ANO": "2014", "COD_AUPOL": "3226", "COM_CODIGO": "13119", "SHAPE_LENG": 8.7999296608200002, "SHAPE_AREA": 3.9010850990599999, "COD_DESTAC": "811110521000", "TOOLTIP": "Cuadrante 223A&&SCOM. MAIPU ORIENTE 52A.COM.", "COD": "CONPCSP", "SUP_KM2": 0.0, "cuadrante": "223A", "equipo_asignado": "Sin refuerzo", "ranking_pcsp": 19, "Total_PCSP": 1, "Total_Meta_PCSP": 1, "Total_Complementario_PCSP": 0, "Puntaje_PCSP_Ponderado": 10 }, "geometry": { "type": "Polygon", "coordinates": [ [ [ -70.759678464821661, -33.56229934462516 ], [ -70.759836526990341, -33.562474045086439 ], [ -70.760379236068673, -33.563078603552519 ], [ -70.760828256453351, -33.563586326154159 ], [ -70.761053040909019, -33.563838738052468 ], [ -70.761479134819069, -33.564313428151536 ], [ -70.76183004186862, -33.564705417729215 ], [ -70.762170917739581, -33.565081586925537 ], [ -70.762829599720988, -33.565816558120282 ], [ -70.763074572026085, -33.566085025996472 ], [ -70.763762770292146, -33.566881429176078 ], [ -70.763964172956605, -33.567157619619941 ], [ -70.764999360977981, -33.56862237895632 ], [ -70.766063370088375, -33.570136505993673 ], [ -70.767040232487886, -33.571524473501363 ], [ -70.767496223930266, -33.572071068442654 ], [ -70.776920981218041, -33.569498820314088 ], [ -70.777040700767486, -33.569466711819068 ], [ -70.777108168806762, -33.56944861835882 ], [ -70.77717147208557, -33.569431640957312 ], [ -70.777238236854885, -33.569413734555951 ], [ -70.777301541032898, -33.569396758053706 ], [ -70.77736830580244, -33.569378851652452 ], [ -70.777431609980511, -33.569361874250816 ], [ -70.777498374750053, -33.569343967849655 ], [ -70.77756167802886, -33.569326990447948 ], [ -70.777628442798118, -33.569309084046729 ], [ -70.777691746976188, -33.569292105745838 ], [ -70.777758511745731, -33.569274200243918 ], [ -70.777828535658273, -33.569255419701669 ], [ -70.77816210319827, -33.569166780722007 ], [ -70.778230391419186, -33.569148458834036 ], [ -70.778296906177061, -33.569130612687331 ], [ -70.7783555977324, -33.56911486555822 ], [ -70.778417474686364, -33.569098264073432 ], [ -70.778487227003723, -33.569079549181644 ], [ -70.778553355052964, -33.569061805557624 ], [ -70.778613768810089, -33.569045597076403 ], [ -70.778676483033053, -33.569028769861532 ], [ -70.778741914107854, -33.569011215095152 ], [ -70.778803931356151, -33.568994574939481 ], [ -70.778869920010607, -33.568976869986273 ], [ -70.77893374759401, -33.568959744196661 ], [ -70.778999737147899, -33.568942038344055 ], [ -70.779081672580844, -33.568920054416765 ], [ -70.779117072594602, -33.568912197040042 ], [ -70.779288272035785, -33.568866507882838 ], [ -70.779364325003201, -33.568846211083553 ], [ -70.779435707791436, -33.568827160744668 ], [ -70.779524594983968, -33.568803439326928 ], [ -70.779596970623402, -33.568784122788884 ], [ -70.779668157359254, -33.568765124610529 ], [ -70.779742953974051, -33.56874516325842 ], [ -70.779816508624776, -33.568725532856824 ], [ -70.779889566849818, -33.568706034655577 ], [ -70.779961384909711, -33.568686868304148 ], [ -70.780033759649939, -33.568667551765827 ], [ -70.780105887976106, -33.568648302676813 ], [ -70.780179442626888, -33.568628672275167 ], [ -70.780244620092901, -33.568611276688841 ], [ -70.780316870726722, -33.568591994324883 ], [ -70.780390859750071, -33.568572247910765 ], [ -70.780462738064784, -33.568553063572828 ], [ -70.780549141329516, -33.568531981665323 ], [ -70.780621832631368, -33.568514245236031 ], [ -70.780694524832256, -33.568496507907355 ], [ -70.780766209792432, -33.568479016093427 ], [ -70.780839908334826, -33.568461034149202 ], [ -70.780912599636508, -33.568443295921149 ], [ -70.780984054370379, -33.568425860764634 ], [ -70.781057984038625, -33.56840782216301 ], [ -70.781129195056167, -33.568390446361661 ], [ -70.781203366641705, -33.568372346606218 ], [ -70.781276058842764, -33.568354610176982 ], [ -70.781347465013255, -33.568337185812204 ], [ -70.781420157214257, -33.568319447584251 ], [ -70.781492847616676, -33.568301711154845 ], [ -70.78156553981762, -33.568283972926722 ], [ -70.781638231119246, -33.568266234698676 ], [ -70.78171092332019, -33.56824849826927 ], [ -70.78178361372261, -33.568230760041338 ], [ -70.781856305024178, -33.568213021813222 ], [ -70.781928997225236, -33.568195285383979 ], [ -70.782001687627655, -33.568177547155877 ], [ -70.782114245875562, -33.568150080961125 ], [ -70.782187646742273, -33.568131642161404 ], [ -70.78236002879197, -33.568088184222169 ], [ -70.782546646210562, -33.568041137088528 ], [ -70.782629594280138, -33.568020193676723 ], [ -70.782712649369159, -33.567999247567066 ], [ -70.782795595639982, -33.567978304155069 ], [ -70.782878651628209, -33.567957358045348 ], [ -70.782961599697956, -33.56793650366631 ], [ -70.783044547767417, -33.567915560254619 ], [ -70.783127602856382, -33.567894614144969 ], [ -70.783210550026752, -33.567873669833602 ], [ -70.783293605115489, -33.567852723724066 ], [ -70.783376552285802, -33.567831779412863 ], [ -70.783459498556795, -33.567810835101618 ], [ -70.783542558142301, -33.567790068856361 ], [ -70.783576527334674, -33.567781373311554 ], [ -70.783662219235794, -33.567715840613339 ], [ -70.783667964105007, -33.567711458216927 ], [ -70.783726914665181, -33.567666482222023 ], [ -70.783792458155176, -33.567616390883579 ], [ -70.783857044766535, -33.56756703339159 ], [ -70.783921209595974, -33.567518042823281 ], [ -70.783984526364407, -33.567469697068589 ], [ -70.784047629993836, -33.567421533876427 ], [ -70.784114444225963, -33.567370430800494 ], [ -70.784175426354636, -33.567323830630009 ], [ -70.784241393425305, -33.56727346230025 ], [ -70.784304601375879, -33.567225117444934 ], [ -70.784371733967987, -33.567173830008066 ], [ -70.784401415192974, -33.567151173387735 ], [ -70.784435791778151, -33.56712493117044 ], [ -70.78449751584742, -33.567077779715525 ], [ -70.78456295231814, -33.567027779208438 ], [ -70.784627751169481, -33.566978238254762 ], [ -70.784690323299458, -33.566930442885457 ], [ -70.784728828672314, -33.566901049443622 ], [ -70.784754381109451, -33.566881544047817 ], [ -70.784779443416255, -33.566862366005005 ], [ -70.784817800400845, -33.566833014831559 ], [ -70.784884403292324, -33.566782186048847 ], [ -70.784946975422315, -33.566734390679294 ], [ -70.785012410993772, -33.56668439017222 ], [ -70.785074877003694, -33.566636685634357 ], [ -70.785138726170999, -33.566588151022131 ], [ -70.785203848778394, -33.566538694604837 ], [ -70.785214502147255, -33.566530613296948 ], [ -70.785240150812228, -33.566511151967795 ], [ -70.785268548704323, -33.566489606909613 ], [ -70.785301830814547, -33.566463245082559 ], [ -70.785459639350563, -33.566341547024528 ], [ -70.785582821289893, -33.566246550737553 ], [ -70.785667698405348, -33.566172461889316 ], [ -70.785729022276428, -33.566121616918849 ], [ -70.785790568279822, -33.56607113167712 ], [ -70.785852220403513, -33.566020552905968 ], [ -70.785915247590367, -33.565968783432361 ], [ -70.785976370013088, -33.565918663315415 ], [ -70.785980545565565, -33.565915232401842 ], [ -70.786035584974059, -33.565870013590015 ], [ -70.786100096941823, -33.565817140648271 ], [ -70.786159205782553, -33.565768582653675 ], [ -70.786191351149625, -33.56574215427667 ], [ -70.786221278788787, -33.565717547926234 ], [ -70.786257886591955, -33.56568948458186 ], [ -70.786283356291619, -33.565666693063228 ], [ -70.786344267373863, -33.565616757307225 ], [ -70.786407717242071, -33.565564619111626 ], [ -70.78646841608429, -33.565514866817402 ], [ -70.786530911771933, -33.565463464267275 ], [ -70.786590551212612, -33.565414537550687 ], [ -70.786651670937601, -33.565364328400847 ], [ -70.78671521073818, -33.565312263050146 ], [ -70.786729975807418, -33.565300163571457 ], [ -70.786774443685431, -33.565263630412069 ], [ -70.7868369411716, -33.565212317794071 ], [ -70.786900179699387, -33.565160363060158 ], [ -70.786961409141497, -33.565110242043708 ], [ -70.787023481248411, -33.565059207316274 ], [ -70.787085449034024, -33.565008353352653 ], [ -70.78709506638404, -33.565000461801681 ], [ -70.78714529891613, -33.564959243174314 ], [ -70.787212669828591, -33.564903983431741 ], [ -70.787274107014241, -33.564853497290812 ], [ -70.787335757339122, -33.564802919418973 ], [ -70.787353402936901, -33.564788446629223 ], [ -70.78739698408333, -33.564752706671868 ], [ -70.787457466188926, -33.564702956176234 ], [ -70.787505269652286, -33.564663788902521 ], [ -70.787519648013188, -33.56465200868297 ], [ -70.787581190419473, -33.564601431710578 ], [ -70.787643687905657, -33.564550209024731 ], [ -70.787702053906401, -33.56450229314612 ], [ -70.787714537395857, -33.564492048069319 ], [ -70.787764126912535, -33.564451346552111 ], [ -70.787827789920357, -33.564399115726424 ], [ -70.787889862027384, -33.564348170031742 ], [ -70.787950980852827, -33.564297959982639 ], [ -70.787962381558373, -33.564288603435891 ], [ -70.788013053859231, -33.564247014288071 ], [ -70.788072690602064, -33.564198086672036 ], [ -70.788134762708864, -33.564147141876894 ], [ -70.78819911100004, -33.564096794231482 ], [ -70.788259120961357, -33.564045066126766 ], [ -70.788413894285668, -33.563976277882766 ], [ -70.788559572765791, -33.563847833110863 ], [ -70.788705482371768, -33.563720105098525 ], [ -70.78876472611114, -33.563667847293175 ], [ -70.788824076869389, -33.563615496857551 ], [ -70.788883318809894, -33.56356314911983 ], [ -70.788942668669165, -33.563510798684248 ], [ -70.788983301837618, -33.563474895050092 ], [ -70.789001910609556, -33.563458450946598 ], [ -70.789061263166673, -33.563406192241743 ], [ -70.78907511092757, -33.563393911099979 ], [ -70.789120505107007, -33.563353842705389 ], [ -70.789179854066674, -33.563301493169149 ], [ -70.789188253734778, -33.563294070165057 ], [ -70.789239096007179, -33.563249145431428 ], [ -70.78929844586645, -33.563196794995797 ], [ -70.789357689605424, -33.56314453629107 ], [ -70.789394670627303, -33.563111916081773 ], [ -70.789417038565205, -33.563092185855439 ], [ -70.789476279606276, -33.563039838117859 ], [ -70.789535628566171, -33.562987487682285 ], [ -70.789594871406052, -33.562935139045237 ], [ -70.789654222164472, -33.562882880340467 ], [ -70.789713463205544, -33.562830530804135 ], [ -70.789772812165324, -33.562778181267838 ], [ -70.789800835040353, -33.562753461602703 ], [ -70.789832161125105, -33.562725829932951 ], [ -70.789891402166234, -33.562673482195237 ], [ -70.78995075292471, -33.562621221691757 ], [ -70.790009993066462, -33.562568873054893 ], [ -70.790069342026356, -33.562516522619262 ], [ -70.790128583067485, -33.562464173982164 ], [ -70.790187932027266, -33.562411824445917 ], [ -70.7902471739676, -33.562359564841806 ], [ -70.790306522028118, -33.562307215305559 ], [ -70.79036576306936, -33.562254865769255 ], [ -70.79042511112965, -33.562202515333574 ], [ -70.790479203552323, -33.562146091868435 ], [ -70.790521899765508, -33.562101604205509 ], [ -70.790534143135915, -33.562088846422917 ], [ -70.790606301139576, -33.562025669049092 ], [ -70.790738668754329, -33.561925820020349 ], [ -70.790806477636579, -33.561865953051161 ], [ -70.790865084655707, -33.561814243832018 ], [ -70.790923583756239, -33.561762537311033 ], [ -70.790982192573836, -33.561710918024225 ], [ -70.791040691674255, -33.561659210603807 ], [ -70.791099297794119, -33.561607502284176 ], [ -70.791157798693291, -33.561555884796007 ], [ -70.791216404813042, -33.561504175577049 ], [ -70.791274903913347, -33.561452469055958 ], [ -70.791333511831965, -33.56140084976925 ], [ -70.79139201093227, -33.561349142348831 ], [ -70.791419738829518, -33.561324678091118 ], [ -70.791450617052078, -33.561297433129823 ], [ -70.791509223171843, -33.561245723910872 ], [ -70.791567723171624, -33.561194108221279 ], [ -70.791626329291432, -33.561142399002222 ], [ -70.791684826593269, -33.561090690682526 ], [ -70.791743435410979, -33.561039072295088 ], [ -70.791801932712701, -33.560987363975471 ], [ -70.791840587372917, -33.560953258985414 ], [ -70.791860538832395, -33.560935654756413 ], [ -70.791919038832319, -33.5608840381676 ], [ -70.791977644052793, -33.560832328948671 ], [ -70.792033095350803, -33.560783314098437 ], [ -70.792036142254005, -33.560780620628918 ], [ -70.79209474927309, -33.560729002241494 ], [ -70.792153246574912, -33.560677293921735 ], [ -70.792211851795116, -33.560625584702784 ], [ -70.792222115757681, -33.560616529428899 ], [ -70.792270350895819, -33.560573968113872 ], [ -70.792328956116137, -33.560522257995672 ], [ -70.792387562235888, -33.560470548776543 ], [ -70.792399271408897, -33.56046019937849 ], [ -70.792446058638575, -33.560418841356231 ], [ -70.792464761839085, -33.560402367574959 ], [ -70.792504665657532, -33.560367222069424 ], [ -70.792563162959311, -33.560315513749799 ], [ -70.792621767280536, -33.560263803631472 ], [ -70.792634525062965, -33.560251464033669 ], [ -70.792677420026678, -33.560209972911757 ], [ -70.792731272330172, -33.56016284124172 ], [ -70.79281300361697, -33.560093678879916 ], [ -70.792846791146374, -33.560063419391156 ], [ -70.792864499696634, -33.560047559846915 ], [ -70.792994887903546, -33.559935560977053 ], [ -70.793040000595227, -33.559896080739236 ], [ -70.793114441977707, -33.559830934749641 ], [ -70.793176228100151, -33.559776834233212 ], [ -70.793210523746382, -33.559747670118554 ], [ -70.793233055360929, -33.559727765423865 ], [ -70.793271898878857, -33.559693563307071 ], [ -70.79329198163947, -33.559676050808889 ], [ -70.793351019433786, -33.559624426126106 ], [ -70.793409948410101, -33.559572801443437 ], [ -70.793447525682438, -33.559540436641669 ], [ -70.793468984405877, -33.559521174962065 ], [ -70.793527910684304, -33.559469460346968 ], [ -70.793586946680023, -33.559417833865666 ], [ -70.793645874757033, -33.559366210082381 ], [ -70.793662496027153, -33.559351676138697 ], [ -70.793704910752865, -33.559314583600951 ], [ -70.793763837930669, -33.559262868986075 ], [ -70.793822766007565, -33.559211245202505 ], [ -70.793853808806034, -33.559184681028 ], [ -70.793881802003398, -33.559159618721182 ], [ -70.793940730080294, -33.559107994038349 ], [ -70.793999766076126, -33.559056367557041 ], [ -70.7940304689306, -33.559030593886568 ], [ -70.79405869235444, -33.559004652942122 ], [ -70.794095027663104, -33.558972878095631 ], [ -70.794117726551633, -33.558953027360133 ], [ -70.7941766546287, -33.55890140177798 ], [ -70.794235689725099, -33.558849776195878 ], [ -70.794267642637294, -33.558821734435298 ], [ -70.794294616003413, -33.558798060681788 ], [ -70.794353651999359, -33.558746435099621 ], [ -70.794412579176992, -33.55869481041691 ], [ -70.794471614273448, -33.558643183935658 ], [ -70.794530542350344, -33.558591559252818 ], [ -70.794539640791641, -33.55858367399702 ], [ -70.794589573849407, -33.558539842839181 ], [ -70.794648501926474, -33.558488217257256 ], [ -70.794687625133577, -33.558454004348675 ], [ -70.79470753702293, -33.558436590775848 ], [ -70.794766464200848, -33.558384966092994 ], [ -70.794825496599117, -33.558333248780173 ], [ -70.794844209692315, -33.558316296559674 ], [ -70.794908930302611, -33.558258266905156 ], [ -70.794943190875301, -33.558227476816448 ], [ -70.795052622180549, -33.558128406600417 ], [ -70.795072635693373, -33.558111166596852 ], [ -70.795171885773698, -33.558025677043126 ], [ -70.795227604170407, -33.557975181009567 ], [ -70.795286107767424, -33.557923922350994 ], [ -70.795314509256912, -33.557899038109824 ], [ -70.795344505244316, -33.557872756322411 ], [ -70.795402902721492, -33.557821589394678 ], [ -70.795461757054284, -33.557771677920236 ], [ -70.795483142033106, -33.557752466602835 ], [ -70.795519916210935, -33.557719432705305 ], [ -70.795579260674174, -33.557667260335506 ], [ -70.795637348784396, -33.557616729228307 ], [ -70.795696054728865, -33.55756492737936 ], [ -70.795753923404561, -33.557514218206343 ], [ -70.795792889230142, -33.557480130303404 ], [ -70.795810840597653, -33.557464426341994 ], [ -70.795870823579548, -33.557411882552174 ], [ -70.795886891766429, -33.557397827947106 ], [ -70.795928165252349, -33.557361722864925 ], [ -70.795988149133507, -33.557309180873794 ], [ -70.796045489007952, -33.557259021186546 ], [ -70.796104836169036, -33.557206938749061 ], [ -70.796161647242002, -33.557157237716019 ], [ -70.796220043819744, -33.557106069889073 ], [ -70.796272940143865, -33.557059762897552 ], [ -70.796296485294192, -33.557039154932788 ], [ -70.796338000697972, -33.557002817825541 ], [ -70.796397561897663, -33.556950641858357 ], [ -70.796456698617533, -33.556898832814625 ], [ -70.796515837135985, -33.556847113703157 ], [ -70.796575505355065, -33.556794935937312 ], [ -70.79663453055889, -33.556743038760096 ], [ -70.796693775197241, -33.556691227018234 ], [ -70.79670170182186, -33.556684283352865 ], [ -70.79675291191711, -33.556639417974509 ], [ -70.796812155656255, -33.55658760803135 ], [ -70.796871292376068, -33.556535798088412 ], [ -70.796905348802454, -33.556505908220849 ], [ -70.796930426397807, -33.556483899112486 ], [ -70.796989670136895, -33.556432088270014 ], [ -70.797000982708937, -33.556421916038403 ], [ -70.797048805957502, -33.556380279226182 ], [ -70.79710794177771, -33.556328469283294 ], [ -70.797167186416189, -33.556276658440829 ], [ -70.797187451739262, -33.556258902226361 ], [ -70.797226322236781, -33.556224849396919 ], [ -70.79727219215772, -33.55618470276147 ], [ -70.797281015406327, -33.556176981182531 ], [ -70.797278282366676, -33.556175036848174 ], [ -70.797350967373006, -33.556106620923515 ], [ -70.797435595376101, -33.556032346815122 ], [ -70.797514913781924, -33.555961758128447 ], [ -70.797654464281891, -33.555840794816511 ], [ -70.797679973551794, -33.555818682286038 ], [ -70.797807956072063, -33.555705543076151 ], [ -70.797909949084499, -33.555681938570324 ], [ -70.797962426324773, -33.555637698221062 ], [ -70.797987944963097, -33.555616182948754 ], [ -70.797813427081223, -33.55548096144792 ], [ -70.795555113178523, -33.55395125645412 ], [ -70.792587270159686, -33.551868429122685 ], [ -70.791855323237542, -33.551364389610463 ], [ -70.788683798715681, -33.552373019698621 ], [ -70.787299061297233, -33.552806804089869 ], [ -70.784843063068024, -33.553579126474581 ], [ -70.783400505155953, -33.554027573825572 ], [ -70.77993975156177, -33.555125342242249 ], [ -70.778867735274105, -33.555472123608283 ], [ -70.77822492394705, -33.555681913051153 ], [ -70.778299933162998, -33.556022977402037 ], [ -70.778317792520284, -33.556089764491283 ], [ -70.778318353429029, -33.556152129823431 ], [ -70.778271182181243, -33.55629420089668 ], [ -70.777810951162337, -33.556442300046406 ], [ -70.77656743801424, -33.556872149927194 ], [ -70.77569681258791, -33.557171143833322 ], [ -70.775129156197238, -33.557367838004318 ], [ -70.773909055020056, -33.557788956991374 ], [ -70.772942998416113, -33.558127414868913 ], [ -70.771634463266025, -33.55857634669826 ], [ -70.769844251247036, -33.559202845417182 ], [ -70.768632080770317, -33.559620236386245 ], [ -70.767463920192995, -33.560024154584994 ], [ -70.766781807274299, -33.560262735558169 ], [ -70.765589387371051, -33.560678681058612 ], [ -70.765080344519447, -33.560855413991519 ], [ -70.76494757229483, -33.560902574733234 ], [ -70.764717930019458, -33.560964137991562 ], [ -70.764586494332036, -33.560981964209923 ], [ -70.764477635692685, -33.560986581785237 ], [ -70.764369644523072, -33.560980230049097 ], [ -70.76420661670852, -33.560960382138603 ], [ -70.764094014397074, -33.560947319122128 ], [ -70.763935876019389, -33.560922179991628 ], [ -70.763600658066423, -33.560909844416415 ], [ -70.76343998136133, -33.56093265547532 ], [ -70.763159873974814, -33.561027137461274 ], [ -70.762764361050642, -33.561168569526558 ], [ -70.762278535076859, -33.561342296771848 ], [ -70.761736303554244, -33.561537380395862 ], [ -70.760401595384224, -33.562024557470636 ], [ -70.760155325519179, -33.56211813899165 ], [ -70.759678464821661, -33.56229934462516 ] ] ] } },
{ "type": "Feature", "properties": { "CUA_CODIGO": "39582212", "CUA_SUP": 2.75, "COMUNA": "MAIPU", "UNIDAD": "52A. COM. RINCONADA DE MAIPU", "DESTACAMEN": "52A. COM. RINCONADA DE MAIPU", "PREFECTURA": "PREF. STGO. RINCONADA", "ZONA": "METROPOLITANA", "NUM_CUAD": "221B", "CUA_DESCRI": "Cuadrante 221B", "CUA_TIPO": "Urbano", "CUA_ESTADO": "1", "CUA_FTERMI": null, "UNI_CODIGO": "811110520000", "CUA_ANO": "2014", "COD_AUPOL": "3226", "COM_CODIGO": "13119", "SHAPE_LENG": 6.6685069669, "SHAPE_AREA": 2.7540535913099999, "COD_DESTAC": "811110520000", "TOOLTIP": "Cuadrante 221B&&52A. COM. RINCONADA DE MAIPU", "COD": "CONPCSP", "SUP_KM2": 0.0, "cuadrante": "221B", "equipo_asignado": "Motoristas", "ranking_pcsp": 8, "Total_PCSP": 8, "Total_Meta_PCSP": 7, "Total_Complementario_PCSP": 1, "Puntaje_PCSP_Ponderado": 72 }, "geometry": { "type": "Polygon", "coordinates": [ [ [ -70.780477114459089, -33.543547902714401 ], [ -70.78201667887555, -33.542211281343661 ], [ -70.782119659020395, -33.542168918491257 ], [ -70.78243072602038, -33.542045866491094 ], [ -70.782580135241744, -33.541948588848641 ], [ -70.782753360003028, -33.541802014050617 ], [ -70.78342341622232, -33.541227136271637 ], [ -70.784162000918684, -33.540604669272454 ], [ -70.784834763020683, -33.540060375490945 ], [ -70.78560109893499, -33.539386385237364 ], [ -70.786290630020815, -33.538790159491107 ], [ -70.787114436134971, -33.538065308486921 ], [ -70.788083812020773, -33.537200844990984 ], [ -70.78816196002083, -33.537138491491021 ], [ -70.788787673114371, -33.53658813909442 ], [ -70.788917115793083, -33.536479635672499 ], [ -70.78909224412314, -33.536371132250608 ], [ -70.78985419002089, -33.535988051490961 ], [ -70.790965355826984, -33.535436479967416 ], [ -70.791827672495572, -33.53500627341765 ], [ -70.791900008110133, -33.534943455647131 ], [ -70.791998993687912, -33.534755002335373 ], [ -70.792511053696501, -33.533797507226666 ], [ -70.793011692292168, -33.53282859070498 ], [ -70.793278191924855, -33.532316530696555 ], [ -70.793340885316127, -33.532120168941724 ], [ -70.793386695346726, -33.531918684816382 ], [ -70.793399611502082, -33.531845884613453 ], [ -70.792497741521061, -33.529408093990867 ], [ -70.792314986109659, -33.528941503205658 ], [ -70.791978054431183, -33.528050633005023 ], [ -70.791839093908436, -33.527709894189002 ], [ -70.79182005822031, -33.527601390767124 ], [ -70.791818950521133, -33.52731551499101 ], [ -70.79185697302114, -33.526010301490984 ], [ -70.79188191752111, -33.524909992490961 ], [ -70.791873421818025, -33.524840202821622 ], [ -70.789492610516049, -33.524788230983511 ], [ -70.786918629838851, -33.524719225749827 ], [ -70.784141535856236, -33.524650584257301 ], [ -70.782020567517861, -33.524604802728447 ], [ -70.779228208136601, -33.524528507025074 ], [ -70.779199840580588, -33.524587910951311 ], [ -70.779174690020284, -33.524685572991359 ], [ -70.778588779020311, -33.525899206991419 ], [ -70.777920897020181, -33.527299535991276 ], [ -70.777888229020164, -33.527337343991292 ], [ -70.777406652993022, -33.528327591055465 ], [ -70.777230469020196, -33.528690997991426 ], [ -70.777073358020061, -33.528910050991385 ], [ -70.775743675020067, -33.530450173991483 ], [ -70.774794106854316, -33.531533249311735 ], [ -70.774632189519991, -33.531428724991422 ], [ -70.772873003854841, -33.533243230498897 ], [ -70.770649707964992, -33.5355561180927 ], [ -70.770293801019648, -33.535674865991545 ], [ -70.769812622861082, -33.536193832904466 ], [ -70.77214050469604, -33.537776944775423 ], [ -70.774810783911562, -33.539600365933204 ], [ -70.775032035388961, -33.539752961251111 ], [ -70.777931207581332, -33.541770944861518 ], [ -70.778350831994032, -33.542064662981147 ], [ -70.779701238956136, -33.543006896534905 ], [ -70.780477114459089, -33.543547902714401 ] ] ] } }
]
}
